Total Number of Aligned Reads:	129249	Total Number of Mapped Genomes:	5126
Genome	Final Guess	Final Best Hit	Final Best Hit Read Numbers	Final High Confidence Hits	Final Low Confidence Hits	Initial Guess	Initial Best Hit	Initial Best Hit Read Numbers	Initial High Confidence Hits	Initial Low Confidence Hits
ti|1510|org|[Clostridium]_stercorarium	0.9632999674552508	0.023102693251011615	2986.0	0.023102693251011615	0.0	0.9632999674552508	0.014286626146872648	1846.5321428571428	0.015791224690326424	0.0006112232976657459
ti|203119|org|Clostridium_thermocellum_ATCC_27405	0.027474534423199738	0.012572631122871356	1625.0	0.012557157115335515	1.547400753584167e-05	0.027474534392361586	0.0021315445380621933	275.5000000000004	0.0021740980587857547	0.0020425689947311003
ti|273068|org|Thermoanaerobacter_tengcongensis_MB4	0.00892561005570418	0.0018955659231406046	245.0	0.0018955659231406046	0.0	0.00892561005570418	0.0011605505651881252	150.0	0.0011605505651881252	0.0
ti|1121335|org|Clostridium_stercorarium_subsp._stercorarium_DSM_8532	0.00017584511970706118	0.9617327793638636	124303.0	0.9617250423600956	7.737003767920835e-06	0.00017584511957250237	0.9799744328868274	126660.71547618955	0.980556909531215	0.003853027876424576
ti|1094508|org|Thermoanaerobacterium_saccharolyticum_JW/SL-YS485	0.00012404294613907983	0.0006963303391128751	90.0	0.0006963303391128751	0.0	0.00012404294613907983	0.0006963303391128751	90.0	0.0006963303391128751	0.0
