Total Number of Aligned Reads:	236270	Total Number of Mapped Genomes:	14067
Genome	Final Guess	Final Best Hit	Final Best Hit Read Numbers	Final High Confidence Hits	Final Low Confidence Hits	Initial Guess	Initial Best Hit	Initial Best Hit Read Numbers	Initial High Confidence Hits	Initial Low Confidence Hits
ti|1001585|org|Pseudomonas_mendocina_NK-01	0.999868060507383	0.9316713928979558	220126.0	0.9316713928979558	0.0	0.9984560193662475	0.9139158754278514	215930.90388733844	0.9115884369577179	0.004181656579337199
ti|399739|org|Pseudomonas_mendocina_ymp	0.00012905294826844304	0.06699115418800525	15828.0	0.06699115418800525	0.0	0.0011799985616065393	0.06704826576439483	15841.493752153568	0.0660176916239895	0.002725695179244085
ti|261673|org|Pseudomonas_sp._Y2-1-1	1.4151591976258031e-06	4.232445930503238e-06	1.0	4.232445930503238e-06	0.0	6.397833877598283e-06	1.4842973791140942e-05	3.5069494176328706	8.464891861006476e-06	4.232445930503238e-05
ti|300|org|Pseudomonas_mendocina	1.2921487881729337e-06	9.734625640157446e-05	23.0	9.734625640157446e-05	0.0	6.543810295659515e-05	0.0004999374380614611	118.12021849078141	0.00018199517501163922	0.0007152833622550472
ti|485704|org|Pseudomonas_sp._USM4-55	1.0269921400470591e-07	0.0003597579040927752	85.0	0.0003597579040927752	0.0	1.0847120116441944e-07	0.000471917721251111	111.5	0.00046556905235535615	1.6929783722012953e-05
ti|743720|org|Pseudomonas_fulva_12-X	5.233632683049815e-08	0.0005586828628264274	132.0	0.0005586828628264274	0.0	8.550662669015417e-07	0.002674856519184409	631.9883497877004	0.002420959072247852	0.0006179371058534727
ti|996285|org|Pseudomonas_stutzeri_DSM_4166	2.3538550084658814e-08	0.0003174334447877428	75.0	0.0003174334447877428	0.0	1.556579294432378e-05	0.0018701101819975192	441.85093270055387	0.0015448427646336817	0.0008634189698226606
