Total Number of Aligned Reads:	133594	Total Number of Mapped Genomes:	15095
Genome	Final Guess	Final Best Hit	Final Best Hit Read Numbers	Final High Confidence Hits	Final Low Confidence Hits	Initial Guess	Initial Best Hit	Initial Best Hit Read Numbers	Initial High Confidence Hits	Initial Low Confidence Hits
ti|941639|org|Bacillus_coagulans_2-6	0.9991156987945172	0.9924023533991048	132579.0	0.9923948680329955	7.485366109256404e-06	0.9777134660611392	0.9722478188408179	129886.47511022023	0.9770423821429106	0.012178690659760169
ti|345219|org|Bacillus_coagulans_36D1	0.00088355755866575	0.0075377636720211985	1007.0	0.0075377636720211985	0.0	0.02160098337134168	0.024293929418334446	3245.523206712972	0.03137865473000284	0.0094091051993353
ti|480942|org|bacterium_GI897	7.364347830500118e-07	5.239756276479483e-05	7.0	5.239756276479483e-05	0.0	7.582289300656565e-07	0.00023766037396889082	31.75	2.2456098327769212e-05	0.0004191805021183586
ti|399726|org|Thermoanaerobacter_sp._X514	3.6061573341841134e-09	7.485366109256404e-06	1.0	0.0	7.485366109256404e-06	3.732229688812637e-09	1.1228049163884606e-05	1.5	1.4970732218512808e-05	7.485366109256404e-06
