Total Number of Aligned Reads:	121630	Total Number of Mapped Genomes:	10535
Genome	Final Guess	Final Best Hit	Final Best Hit Read Numbers	Final High Confidence Hits	Final Low Confidence Hits	Initial Guess	Initial Best Hit	Initial Best Hit Read Numbers	Initial High Confidence Hits	Initial Low Confidence Hits
ti|683837|org|Listeria_seeligeri_serovar_1/2b_str._SLCC3954	0.9992789038152915	0.9166159664556441	111488.0	0.9166159664556441	0.0	0.9980861771488025	0.8996374767877816	109422.90630169788	0.8880046041272712	0.018367179149880786
ti|932920|org|Listeria_monocytogenes_SLCC2372	0.0006697814305360234	0.06980185809422018	8490.0	0.06980185809422018	0.0	0.0006696784297530366	0.06838945669545425	8318.2096178681	0.06786154731562936	0.006412891556359451
ti|881621|org|Listeria_ivanovii_subsp._ivanovii_PAM_55	4.7768700798824943e-05	0.012957329606182686	1576.0	0.012957329606182686	0.0	0.0007304216138392884	0.012095965679456346	1471.2323055922752	0.009487790841075393	0.009479569185233907
ti|1640|org|Listeria_seeligeri	2.9152983640535205e-06	4.1108279207432375e-05	5.0	4.1108279207432375e-05	0.0	0.0005118379817722499	0.002124583097401514	258.41304213694616	0.0007152840582093234	0.006544438049823235
ti|272626|org|Listeria_innocua_Clip11262	6.30755007365591e-07	0.0005837375647455398	71.0	0.0005837375647455398	0.0	7.278178342325357e-07	0.0024952247839445775	303.49419047117897	0.002162295486310943	0.005187864835977966
