Total Number of Aligned Reads:	220550	Total Number of Mapped Genomes:	14884
Genome	Final Guess	Final Best Hit	Final Best Hit Read Numbers	Final High Confidence Hits	Final Low Confidence Hits	Initial Guess	Initial Best Hit	Initial Best Hit Read Numbers	Initial High Confidence Hits	Initial Low Confidence Hits
ti|399739|org|Pseudomonas_mendocina_ymp	0.9985081029048415	0.99467240988438	219375.0	0.99467240988438	0.0	0.9963901180131826	0.9739151217897632	214796.9801107323	0.9719156653819996	0.004851507594649739
ti|2553|org|Plasmid_pEST1226	0.0014335575922706236	0.002253457265926094	497.0	0.002253457265926094	0.0	0.0014335575844092246	0.00258822640368775	570.8333333333333	0.002675130355928361	0.00022670596236681024
ti|127522|org|Pseudomonas_sp._GM101	2.9696931523171836e-05	0.000353661301292224	78.0	0.000353661301292224	0.0	3.1039294437091826e-05	0.00035517267437466934	78.33333333333333	0.000353661301292224	4.534119247336205e-06
ti|270934|org|Enterobacteriaceae_bacterium_58	2.3560399225470585e-05	1.813647698934482e-05	4.0	1.813647698934482e-05	0.0	3.360977742422285e-05	2.788483337111766e-05	6.15	1.813647698934482e-05	3.627295397868964e-05
ti|1001585|org|Pseudomonas_mendocina_NK-01	4.996479037084143e-06	0.0024710949897982317	545.0	0.0024710949897982317	0.0	0.0010151626377686081	0.004173221464973811	920.4039940999739	0.003078666968941283	0.002833824529585128
ti|96563|org|Pseudomonas_stutzeri_ATCC_17588_=_LMG_11199	8.520654729051046e-08	0.00023124008161414645	51.0	0.00023124008161414645	0.0	1.366526027150472e-06	0.0005810532105894687	128.15128559550732	0.0003445930627975516	0.0007708002720471549
