Total Number of Aligned Reads:	181466	Total Number of Mapped Genomes:	12402
Genome	Final Guess	Final Best Hit	Final Best Hit Read Numbers	Final High Confidence Hits	Final Low Confidence Hits	Initial Guess	Initial Best Hit	Initial Best Hit Read Numbers	Initial High Confidence Hits	Initial Low Confidence Hits
ti|1123519|org|Pseudomonas_stutzeri_DSM_10701	0.9960611283692805	0.9485192818489414	172124.0	0.9485192818489414	0.0	0.9931978723213805	0.920547485880084	167048.07007271532	0.9184199795002921	0.005571291591813342
ti|996285|org|Pseudomonas_stutzeri_DSM_4166	0.0026487220933979457	0.04115371474546196	7468.0	0.04115371474546196	0.0	0.002648631973801303	0.023142981051925002	4199.664199568622	0.02010845006778129	0.005466588782471648
ti|316|org|Pseudomonas_stutzeri	0.0012289455165140817	0.00179096910716057	325.0	0.00179096910716057	0.0	0.003947297293050893	0.0038134605979565006	692.0134408687743	0.0043424112505923975	0.0024026539406831033
ti|96563|org|Pseudomonas_stutzeri_ATCC_17588_=_LMG_11199	6.117019174000855e-05	0.008381735421511468	1521.0	0.008381735421511468	0.0	0.0002048395852199058	0.015858380787281492	2877.7569279448235	0.012944573639139012	0.0056263983335721295
ti|1294143|org|Pseudomonas_denitrificans_ATCC_13867	2.2844278781313492e-08	5.510674175878677e-06	1.0	5.510674175878677e-06	0.0	1.2647184164541188e-06	0.0009672174805909821	175.51708733292315	0.00015980955110048164	0.0017799477588088127
ti|644801|org|Pseudomonas_stutzeri_RCH2	1.098478675003696e-08	0.0001487882027487243	27.0	0.0001487882027487243	0.0	5.277211511185315e-08	0.0073390147560235125	1331.7816517165627	0.006370339347315751	0.0017854584329846913
