Total Number of Aligned Reads:	251050	Total Number of Mapped Genomes:	17986
Genome	Final Guess	Final Best Hit	Final Best Hit Read Numbers	Final High Confidence Hits	Final Low Confidence Hits	Initial Guess	Initial Best Hit	Initial Best Hit Read Numbers	Initial High Confidence Hits	Initial Low Confidence Hits
ti|390235|org|Pseudomonas_putida_W619	0.9987134654096069	0.9194941246763593	230839.0	0.9194941246763593	0.0	0.9859787928699643	0.8951165701075467	224719.01492549962	0.888285202150966	0.020653256323441546
ti|351746|org|Pseudomonas_putida_F1	0.0009437323780016819	0.058793069109739096	14760.0	0.058793069109739096	0.0	0.0031368657636808533	0.028923697604951962	7261.29428372319	0.020175263891655047	0.02343756223859789
ti|351348|org|Marinobacter_aquaeolei_VT8	0.00016744523430225962	0.00019119697271459868	48.0	0.00019119697271459868	0.0	0.0001674452343019429	0.00020177802160290702	50.656372323409805	0.0001872137024497112	0.00020713005377414858
ti|1331671|org|Pseudomonas_putida_H8234	0.0001367600251238196	0.01024497112129058	2572.0	0.01024497112129058	0.0	0.003415221761220623	0.016841502237731888	4228.05913678259	0.015399322844054968	0.006691894045010954
ti|76869|org|Pseudomonas_putida_GB-1	2.7225128471326538e-05	0.0008125871340370444	204.0	0.0008125871340370444	0.0	0.002865827638438517	0.003158490535301581	792.9390488874619	0.0005775741884086835	0.011212905795658236
ti|160488|org|Pseudomonas_putida_KT2440	5.3540584846370356e-06	0.008496315475004979	2133.0	0.008496315475004979	0.0	0.0015038342286513584	0.02442829820528824	6132.724264437612	0.0179964150567616	0.013622784305915157
ti|287|org|Pseudomonas_aeruginosa	3.606014123319396e-06	4.779924317864967e-05	12.0	4.779924317864967e-05	0.0	1.6721162980335395e-05	0.00011945336475012544	29.988767220518994	9.161521609241186e-05	0.0004779924317864967
ti|294|org|Pseudomonas_fluorescens	7.78123063491428e-07	7.966540529774946e-06	2.0	7.966540529774946e-06	0.0	7.781023905148524e-07	7.115635256196307e-05	17.86380231068083	1.9916351324437363e-05	0.0005775741884086835
