Total Number of Aligned Reads:	174940	Total Number of Mapped Genomes:	5670
Genome	Final Guess	Final Best Hit	Final Best Hit Read Numbers	Final High Confidence Hits	Final Low Confidence Hits	Initial Guess	Initial Best Hit	Initial Best Hit Read Numbers	Initial High Confidence Hits	Initial Low Confidence Hits
ti|583346|org|Clostridium_kluyveri_NBRC_12016	0.9927901221532742	0.9921401623413741	173565.0	0.9921401623413741	0.0	0.5218000566576376	0.515156625128614	90121.49999999974	0.9474162570024008	0.03158797301932091
ti|431943|org|Clostridium_kluyveri_DSM_555	0.00715642983518281	0.007316794329484394	1280.0	0.007316794329484394	0.0	0.4763695702685523	0.48177613276932924	84281.91666666645	0.9130616211272436	0.03260546473076483
ti|906968|org|Treponema_brennaborense_DSM_12168	5.3398800663545595e-05	4.572996455927746e-05	8.0	4.572996455927746e-05	0.0	0.0006326867752117049	0.000494455241797187	86.49999999999989	4.572996455927746e-05	0.0013490339544986853
ti|536232|org|Clostridium_botulinum_A2_str._Kyoto	3.8272722265169824e-08	0.0004744483823025037	83.0	0.0004744483823025037	0.0	1.9958893997086828e-08	0.00018911245760451202	33.083333333333336	8.574368354864525e-05	0.00012575740253801304
ti|485916|org|Desulfotomaculum_acetoxidans_DSM_771	1.0940020741733577e-08	2.286498227963873e-05	4.0	2.286498227963873e-05	0.0	9.63852151702506e-09	4.001371898936778e-05	7.0	4.001371898936778e-05	0.0
