Total Number of Aligned Reads:	169700	Total Number of Mapped Genomes:	6382
Genome	Final Guess	Final Best Hit	Final Best Hit Read Numbers	Final High Confidence Hits	Final Low Confidence Hits	Initial Guess	Initial Best Hit	Initial Best Hit Read Numbers	Initial High Confidence Hits	Initial Low Confidence Hits
ti|441771|org|Clostridium_botulinum_A_str._Hall	0.9803837873013727	0.9379787860931055	159175.0	0.9379611078373601	1.7678255745433117e-05	0.7433346814091925	0.8359206647521581	141855.73680844123	0.7134236888626989	0.1996287566293459
ti|413999|org|Clostridium_botulinum_A_str._ATCC_3502	0.01295144989449358	0.02454331172657631	4165.0	0.02451384796700059	2.9463759575721862e-05	0.012986423878144698	0.031025234954359274	5264.982371754769	0.021679434295816147	0.02862698880377136
ti|536232|org|Clostridium_botulinum_A2_str._Kyoto	0.004851262895467627	0.025880966411314085	4392.0	0.025857395403653505	2.357100766057749e-05	0.11445658416768782	0.06658350711811627	11299.22115794433	0.024938126104890983	0.09372421921037125
ti|441772|org|Clostridium_botulinum_F_str._Langeland	0.0017173117335096497	0.00913965822038892	1551.0	0.009127872716558632	1.1785503830288745e-05	0.06457478852491053	0.022175947063694666	3763.2582167089845	0.008296994696523277	0.037637006482027106
ti|498213|org|Clostridium_botulinum_B1_str._Okra	4.3395850875725625e-05	0.0012197996464348851	207.0	0.0012080141426045964	1.1785503830288745e-05	0.06309167286130961	0.0235563663239739	3997.5153651783708	0.01014731879787861	0.036611667648791986
ti|1491|org|Clostridium_botulinum	4.089625843107751e-05	0.0005833824395992929	99.0	0.0005833824395992929	0.0	0.0001529082741420311	0.0011777060114785815	199.85671014791527	0.0005833824395992929	0.0033176193282262816
ti|508765|org|Clostridium_botulinum_B_str._Eklund_17B	7.3968705968190266e-06	0.0003182086034177961	54.0	0.0003182086034177961	0.0	7.396878574241806e-06	0.0003299941072480849	56.0	0.0003123158515026517	3.5356511490866235e-05
ti|498214|org|Clostridium_botulinum_A3_str._Loch_Maree	4.499196034382343e-06	0.00033588685916322925	57.0	0.00033588685916322925	0.0	0.0004129206732356663	0.0013082828229809633	222.0155950598695	0.000489098408956983	0.006128461991750147
