Total Number of Aligned Reads:	220538	Total Number of Mapped Genomes:	13030
Genome	Final Guess	Final Best Hit	Final Best Hit Read Numbers	Final High Confidence Hits	Final Low Confidence Hits	Initial Guess	Initial Best Hit	Initial Best Hit Read Numbers	Initial High Confidence Hits	Initial Low Confidence Hits
ti|1006007|org|Bacillus_megaterium_WSH-002	0.9996027161937698	0.9948398915379663	219400.0	0.9948398915379663	0.0	0.9661259598561773	0.98239676734279	216655.81827624422	0.9727303231189183	0.016772619684589502
ti|592022|org|Bacillus_megaterium_DSM_319	0.00032980308880238	0.0037680581124341383	831.0	0.0037680581124341383	0.0	0.01318831844990289	0.005814103735756083	1282.230809676175	0.0028158412609164863	0.00874225757012397
ti|545693|org|Bacillus_megaterium_QM_B1551	6.602795791488183e-05	0.0008116515067698083	179.0	0.0008116515067698083	0.0	0.02014515976712483	0.007529250330815953	1660.4858094574886	0.0035594772782921763	0.010565072685886332
ti|1404|org|Bacillus_megaterium	1.4520050044380625e-06	0.0005667957449509835	125.0	0.0005667957449509835	0.0	0.0005395754302332888	0.0008511307950274691	187.70668327376796	0.0007073610896988275	0.0005395895491933362
ti|716837|org|Bacillus_sp._CFM_2	7.548662977326373e-10	1.3603097878823604e-05	3.0	1.3603097878823604e-05	0.0	8.977154763798588e-10	7.49566620205383e-05	16.530792328685475	7.254985535372589e-05	0.0
