Total Number of Aligned Reads:	160850	Total Number of Mapped Genomes:	5814
Genome	Final Guess	Final Best Hit	Final Best Hit Read Numbers	Final High Confidence Hits	Final Low Confidence Hits	Initial Guess	Initial Best Hit	Initial Best Hit Read Numbers	Initial High Confidence Hits	Initial Low Confidence Hits
ti|441771|org|Clostridium_botulinum_A_str._Hall	0.9968416430614008	0.9859807273857631	158595.0	0.9859807273857631	0.0	0.7637074779256134	0.8949374693528774	143950.69194541033	0.7729748212620454	0.20687597140192726
ti|536232|org|Clostridium_botulinum_A2_str._Kyoto	0.0025639180564737012	0.00917003419334784	1475.0	0.009163817221013367	6.216972334473112e-06	0.10861642409520782	0.046332125194375455	7452.522337515292	0.00841156356854212	0.08966739198010569
ti|441772|org|Clostridium_botulinum_F_str._Langeland	0.0004775612776265603	0.0026359962698165994	424.0	0.0026359962698165994	0.0	0.06129374950652222	0.014063562923610471	2262.1240962627444	0.003413117811625738	0.03248989741995648
ti|498213|org|Clostridium_botulinum_B1_str._Okra	8.253692051468456e-05	0.0011998756605533106	193.0	0.0011998756605533106	0.0	0.06029939731425003	0.0144368358163259	2322.165041056021	0.004146720547093565	0.03217283183089835
ti|1491|org|Clostridium_botulinum	2.7630029796485498e-05	0.0006030463164438918	97.0	0.0006030463164438918	0.0	0.00012612932217214302	0.001172639132476847	188.61900445890083	0.000615480261112838	0.0032949953372707493
ti|508765|org|Clostridium_botulinum_B_str._Eklund_17B	6.689485677536547e-06	0.00027976375505129003	45.0	0.00027976375505129003	0.0	6.689538472349803e-06	0.00029219769972023624	47.0	0.00027976375505129003	2.4867889337892447e-05
ti|498214|org|Clostridium_botulinum_A3_str._Loch_Maree	1.4762108558576855e-08	0.00011812247435498912	19.0	0.00011812247435498912	0.0	0.00030868374918458636	0.0009327765040970181	150.03710068400537	0.00018650917003419334	0.005999378302766553
ti|515621|org|Clostridium_botulinum_Ba4_str._657	6.407195784878721e-09	1.2433944668946223e-05	2.0	1.2433944668946223e-05	0.0	2.534681261344166e-06	0.0009044547685576297	145.48154952249473	9.947155735156979e-05	0.006490519117189929
