Total Number of Aligned Reads:	175980	Total Number of Mapped Genomes:	7589
Genome	Final Guess	Final Best Hit	Final Best Hit Read Numbers	Final High Confidence Hits	Final Low Confidence Hits	Initial Guess	Initial Best Hit	Initial Best Hit Read Numbers	Initial High Confidence Hits	Initial Low Confidence Hits
ti|699035|org|Clostridium_difficile_M120	0.9980680542572419	0.9837708830548926	173124.0	0.9837708830548926	0.0	0.9231095515479188	0.9610892298254904	169132.4826646898	0.9108705534719854	0.06587680418229344
ti|699032|org|Clostridium_difficile_BI9	0.0013907019496193025	0.01127969087396295	1985.0	0.01127969087396295	0.0	0.012511206957085401	0.009836301934820988	1730.9924144897975	0.007949767018979429	0.007796340493237868
ti|984892|org|Staphylococcus_pseudintermedius_ED99	0.00043210308452949634	0.0004602795772246846	81.0	0.0004602795772246846	0.0	0.0004113715624772877	0.0004302457024262538	75.71463871297215	0.00044891464939197636	0.0001647914535742698
ti|699034|org|Clostridium_difficile_BI1	0.00010122856643080746	0.0014490282986703035	255.0	0.0014490282986703035	0.0	0.011536878361598437	0.002348842930755652	413.3493789543797	0.00041481986589385155	0.01082509376065462
ti|699033|org|Clostridium_difficile_2007855	5.17921329694035e-06	0.00020456870098874873	36.0	0.00020456870098874873	0.0	0.01150019250137706	0.0020038776947936565	352.64239672978766	0.0001818388453233322	0.010444368678258893
ti|866775|org|Aerococcus_urinae_ACS-120-V-Col10a	1.7727050187024558e-06	0.0018865780202295716	332.0	0.0018865780202295716	0.0	1.4424151779438287e-05	0.0012160472780997841	214.0	0.0011194453915217637	0.00015342652574156155
ti|645462|org|Clostridium_difficile_CD196	3.7049928767123184e-07	3.409478349812479e-05	6.0	3.409478349812479e-05	0.0	0.00011434556002212701	0.0009876139736351081	173.80030708030634	8.523695874531196e-05	0.005762018411183089
ti|272563|org|Clostridium_difficile_630	3.6696697672020813e-07	0.0006193885668826003	109.0	0.0006137061029662462	5.682463916354131e-06	0.011798154925745676	0.0033813312398364693	595.0466715864219	0.0008864643709512444	0.01009773837936129
ti|699037|org|Clostridium_difficile_M68	2.2275834693426694e-07	0.00029548812365041483	52.0	0.00029548812365041483	0.0	0.015422864417450726	0.005098820326682565	897.2904010895978	0.0013126491646778043	0.01367200818274804
