Total Number of Aligned Reads:	159110	Total Number of Mapped Genomes:	8090
Genome	Final Guess	Final Best Hit	Final Best Hit Read Numbers	Final High Confidence Hits	Final Low Confidence Hits	Initial Guess	Initial Best Hit	Initial Best Hit Read Numbers	Initial High Confidence Hits	Initial Low Confidence Hits
ti|508767|org|Clostridium_botulinum_E3_str._Alaska_E43	0.9996222258261226	0.9927911507761926	157963.0	0.9927911507761926	0.0	0.9942196667916479	0.9809344837803101	156076.48571428514	0.974294513229841	0.014889070454402615
ti|508765|org|Clostridium_botulinum_B_str._Eklund_17B	0.00016047056295344036	0.005405065677832946	860.0	0.005405065677832946	0.0	0.005562222531592913	0.010150631653837006	1615.067002442006	0.006756332097291182	0.010596442712588776
ti|1491|org|Clostridium_botulinum	0.00011595603824427767	0.001476965621268305	235.0	0.001476965621268305	0.0	0.00011665199861439238	0.004330352082850334	689.0023199023167	0.002086606750047137	0.007359688265979511
ti|1492|org|Clostridium_butyricum	0.0001013475727960442	0.00032681792470617814	52.0	0.00032681792470617814	0.0	0.00010135469590617591	0.0005048917939371087	80.33333333333336	0.00033310288479668156	0.0004210923260637295
