Total Number of Aligned Reads:	182710	Total Number of Mapped Genomes:	14624
Genome	Final Guess	Final Best Hit	Final Best Hit Read Numbers	Final High Confidence Hits	Final Low Confidence Hits	Initial Guess	Initial Best Hit	Initial Best Hit Read Numbers	Initial High Confidence Hits	Initial Low Confidence Hits
ti|272558|org|Bacillus_halodurans_C-125	0.9950908640369294	0.9908926714465547	181046.0	0.9908926714465547	0.0	0.9723398863860985	0.9570260216731669	174858.22441990432	0.9674511520989546	0.01927097586339007
ti|86665|org|Bacillus_halodurans	0.003370835475567459	0.006721033331508948	1228.0	0.006721033331508948	0.0	0.024106495804935426	0.03438555281987744	6282.584355719806	0.048683706420009853	0.01441628810683597
ti|1399|org|Bacillus_firmus	0.0012462677494968657	0.001751409337201029	320.0	0.001751409337201029	0.0	0.0012423976991093385	0.0018255632253224067	333.54865689865693	0.0017459361830222757	0.00032838925072519294
ti|1409|org|Bacillus_sp.	0.00022858482863847326	0.0003174429423676865	58.0	0.0003174429423676865	0.0	0.001213475840916174	0.0012320042510222562	225.09949670427642	0.0013901811614033168	0.0017678287997372887
ti|1218173|org|Bacillus_alcalophilus_ATCC_27647	5.4184157456999474e-05	0.0001806140878988561	33.0	0.0001806140878988561	0.0	0.0002949099317312376	0.0018001877378758773	328.91230158730156	0.0009194899020305402	0.002566909309835258
ti|270373|org|Bacillus_sp._PD1	9.253507395453724e-06	5.473154178753216e-05	10.0	5.473154178753216e-05	0.0	5.5219446413197526e-05	0.00010946308357506431	20.0	0.00016419462536259647	0.0
ti|1393|org|Brevibacillus_brevis	1.0244514523502348e-08	5.473154178753216e-05	10.0	5.473154178753216e-05	0.0	9.18245521318022e-05	0.00016966777954134968	31.0	0.00019156039625636254	0.0
ti|77133|org|uncultured_bacterium	2.629602781339276e-16	2.736577089376608e-05	5.0	2.736577089376608e-05	0.0	2.629602781851383e-16	0.00012373616000260044	22.607833794075127	2.736577089376608e-05	0.0008592852060642548
