Total Number of Aligned Reads:	219300	Total Number of Mapped Genomes:	6586
Genome	Final Guess	Final Best Hit	Final Best Hit Read Numbers	Final High Confidence Hits	Final Low Confidence Hits	Initial Guess	Initial Best Hit	Initial Best Hit Read Numbers	Initial High Confidence Hits	Initial Low Confidence Hits
ti|86416|org|Clostridium_pasteurianum_BC1	0.9999990719021873	0.9992111263109895	219127.0	0.9991518467852257	5.927952576379389e-05	0.9999989514563836	0.9957643005522646	218371.11111111162	0.9937482900136799	0.002918376652986776
ti|272562|org|Clostridium_acetobutylicum_ATCC_824	4.631118096432003e-07	0.000702234382124943	154.0	0.00045599635202918376	0.00024623803009575924	4.874394731538831e-07	0.00035567715458276335	78.0	0.0006247150022799817	9.119927040583675e-05
ti|991791|org|Clostridium_acetobutylicum_DSM_1731	4.6311174456520544e-07	1.3679890560875512e-05	3.0	1.3679890560875512e-05	0.0	4.874394580646429e-07	0.00036707706338349295	80.5	0.0006247150022799817	0.00011399908800729594
ti|431943|org|Clostridium_kluyveri_DSM_555	9.37130773288399e-10	7.29594163246694e-05	16.0	0.0	7.29594163246694e-05	1.3055733860701882e-09	0.0007288341693266453	159.83333333333331	0.00016415868673050614	0.0012950296397628818
