Total Number of Aligned Reads:	180660	Total Number of Mapped Genomes:	6056
Genome	Final Guess	Final Best Hit	Final Best Hit Read Numbers	Final High Confidence Hits	Final Low Confidence Hits	Initial Guess	Initial Best Hit	Initial Best Hit Read Numbers	Initial High Confidence Hits	Initial Low Confidence Hits
ti|536232|org|Clostridium_botulinum_A2_str._Kyoto	0.9979807587962514	0.9830510350935459	177598.0	0.9830510350935459	0.0	0.7814635655009274	0.910734050710298	164533.21360132244	0.790689693346618	0.18678180006642311
ti|441771|org|Clostridium_botulinum_A_str._Hall	0.001648677651946015	0.006155208679287059	1112.0	0.006133067640872357	2.214103841470165e-05	0.09854777624603989	0.04085892706901242	7381.573764287784	0.005989150891176796	0.08292925938226503
ti|498213|org|Clostridium_botulinum_B1_str._Okra	0.00012594876656034902	0.0017823535923834827	322.0	0.001771283073176132	1.1070519207350825e-05	0.05603931176398736	0.012985088487035359	2345.886086067808	0.00308867485885088	0.030305546330122883
ti|498214|org|Clostridium_botulinum_A3_str._Loch_Maree	0.0001074635957836086	0.004300896712055796	777.0	0.004289826192848445	1.1070519207350825e-05	0.0010419589839499492	0.0047442611309040554	857.0982159091267	0.0040075279530609985	0.006465183217092882
ti|441772|org|Clostridium_botulinum_F_str._Langeland	0.00010229937321017174	0.004251079375622717	768.0	0.00423447359681169	1.6605778811026237e-05	0.05878676848310092	0.017848224551590394	3224.4602474903204	0.005834163622273885	0.03590169378943873
ti|941968|org|Clostridium_botulinum_H04402_065	3.2550340596410516e-05	0.00019373408612863944	35.0	0.00019373408612863944	0.0	0.0015821169292912535	0.0024978613180042263	451.26362571064357	0.0007804716041182331	0.009415476585851876
ti|515621|org|Clostridium_botulinum_Ba4_str._657	2.2927481286541277e-06	0.000254621941769069	46.0	0.000254621941769069	0.0	0.0013987595815712257	0.0020143704525195463	363.91616595218125	0.0008136831617402856	0.007146020148344957
ti|1491|org|Clostridium_botulinum	8.728288509280452e-09	1.1070519207350825e-05	2.0	1.1070519207350825e-05	0.0	9.878964507502725e-05	0.001207264308810609	218.10437002972463	0.0007306542676851544	0.002789770840252408
