Total Number of Aligned Reads:	178710	Total Number of Mapped Genomes:	6916
Genome	Final Guess	Final Best Hit	Final Best Hit Read Numbers	Final High Confidence Hits	Final Low Confidence Hits	Initial Guess	Initial Best Hit	Initial Best Hit Read Numbers	Initial High Confidence Hits	Initial Low Confidence Hits
ti|699034|org|Clostridium_difficile_BI1	0.9900160812504828	0.9788092440266354	174923.0	0.9788036483688658	5.595657769570813e-06	0.26236889117659534	0.29949528572611295	53522.802512113645	0.002238263107828325	0.9645515080297689
ti|699033|org|Clostridium_difficile_2007855	0.00578958030826552	0.005981758155671199	1069.0	0.005981758155671199	0.0	0.26192872420038493	0.2981205575561122	53277.12484085281	0.002333389289911029	0.9607464607464608
ti|699032|org|Clostridium_difficile_BI9	0.0028202585547709054	0.00950142689273124	1698.0	0.00950142689273124	0.0	0.0834386510573682	0.03592215366866619	6419.648082127335	0.008421464943204074	0.12802305411001064
ti|645462|org|Clostridium_difficile_CD196	0.0009933229172105803	0.001225449051536008	219.0	0.001225449051536008	0.0	0.012952517758814779	0.022378238126370173	3999.214935563614	0.0014268927312405574	0.08350400089530524
ti|699037|org|Clostridium_difficile_M68	0.00017344747257170773	0.0020200324548150634	361.0	0.0020200324548150634	0.0	0.029552373835447277	0.008133288873182673	1453.5000545264754	0.0023781545520675956	0.02808460634547591
ti|272563|org|Clostridium_difficile_630	7.154120865763139e-05	0.0006155223546527894	110.0	0.0006099266968832187	5.595657769570813e-06	0.08372235860666995	0.03221055808587779	5756.34883552722	0.0018801410105757932	0.13948855687986123
ti|645463|org|Clostridium_difficile_R20291	5.674098681984691e-05	8.953052431313301e-05	16.0	8.393486654356219e-05	5.595657769570813e-06	0.260789093941712	0.29670341030158887	53023.86645499695	0.0008057747188181971	0.961837614011527
ti|699035|org|Clostridium_difficile_M120	4.76854118084216e-05	0.0015499972021711151	277.0	0.0015444015444015444	5.595657769570813e-06	0.004949164069799865	0.003135514894607232	560.3478668152584	0.0017906104862626601	0.008583739018521627
ti|1496|org|[Clostridium]_difficile	3.1341890329114236e-05	0.00020703933747412008	37.0	0.00020703933747412008	0.0	0.0001292165223723728	0.0012221924907456726	218.41802002115915	0.0002518045996306866	0.006026523417827766
