Total Number of Aligned Reads:	88510	Total Number of Mapped Genomes:	6813
Genome	Final Guess	Final Best Hit	Final Best Hit Read Numbers	Final High Confidence Hits	Final Low Confidence Hits	Initial Guess	Initial Best Hit	Initial Best Hit Read Numbers	Initial High Confidence Hits	Initial Low Confidence Hits
ti|573569|org|Francisella_sp._TX077308	0.9999912754177277	0.9528188905208451	84334.0	0.9527511015704441	6.778895040108462e-05	0.997535540069565	0.93430973857906	82695.7549616326	0.9290136707716642	0.006869280307309909
ti|401614|org|Francisella_novicida_U112	4.255618494059684e-06	0.03536323579256581	3130.0	0.03526155236696418	0.00010168342560162693	1.5596392814977263e-05	0.024980163890829524	2210.9943059773213	0.018404700033894474	0.009049824878544797
ti|484022|org|Francisella_philomiragia_subsp._philomiragia_ATCC_25017	3.205709924751365e-06	0.0027002598576432043	239.0	0.0026889616992430234	1.129815840018077e-05	0.002336972480575426	0.0035531703288383563	314.4911058054829	0.0023726132640379616	0.003445938312055135
ti|418136|org|Francisella_tularensis_subsp._tularensis_WY96-3418	8.650005492699545e-07	0.00586374420969382	519.0	0.005829849734493278	3.389447520054231e-05	9.338509097668616e-07	0.009440367140237518	835.5668955824227	0.0028358377584453733	0.012789515309004632
ti|1163389|org|Francisella_noatunensis_subsp._orientalis_str._Toba_04	2.3272055951612796e-07	0.002157948254434527	191.0	0.002157948254434527	0.0	0.00010654048553052505	0.004297524850740445	380.37392453903675	0.002259631680036154	0.004869506270477912
ti|1001534|org|Francisella_tularensis_subsp._tularensis_TI0902	7.089455082090838e-08	0.0008812563552141001	78.0	0.0008812563552141001	0.0	8.014265424160644e-07	0.007668518732613376	678.7405930236099	0.0026889616992430234	0.010744548638571912
ti|28110|org|Francisella_philomiragia	7.049883670001004e-08	7.90871088012654e-05	7.0	7.90871088012654e-05	0.0	1.0425885847616849e-07	0.0005820963881029807	51.52135131099482	0.0003502429104056039	0.0013557790080216926
ti|539329|org|Francisella_philomiragia_subsp._philomiragia_ATCC_25015	2.4138782464828916e-08	0.00013557790080216925	12.0	0.00013557790080216925	0.0	1.0146796971530684e-07	0.0008131634514902996	71.97309709140642	0.0005988023952095808	0.0013444808496215117
