Total Number of Aligned Reads:	174443	Total Number of Mapped Genomes:	6297
Genome	Final Guess	Final Best Hit	Final Best Hit Read Numbers	Final High Confidence Hits	Final Low Confidence Hits	Initial Guess	Initial Best Hit	Initial Best Hit Read Numbers	Initial High Confidence Hits	Initial Low Confidence Hits
ti|441772|org|Clostridium_botulinum_F_str._Langeland	0.9963791729131798	0.9847973263472882	171791.0	0.984791593815745	5.732531543254817e-06	0.7182391612042597	0.8579498734486732	149663.3497740069	0.7316086056763528	0.24757657229008903
ti|498213|org|Clostridium_botulinum_B1_str._Okra	0.0026766841082373695	0.008380961116238542	1462.0	0.008380961116238542	0.0	0.11590541259900002	0.04307820654733155	7514.691584736157	0.006621073932459314	0.08675039984407515
ti|758678|org|Clostridium_botulinum_F_str._230613	0.0004173436951184442	0.00041847480265760163	73.0	0.00041847480265760163	0.0	0.04948581093662937	0.059093131353752666	10308.383112742677	0.04482266413670941	0.08052487058810041
ti|536232|org|Clostridium_botulinum_A2_str._Kyoto	0.0002934846934355285	0.0033649960158905774	587.0	0.0033592634843473226	5.732531543254817e-06	0.05979177265694247	0.016928358556508906	2953.033651673083	0.005159278388929335	0.03480219899909999
ti|441771|org|Clostridium_botulinum_A_str._Hall	0.00020814896300178052	0.0016051088321113486	280.0	0.0015993763005680939	5.732531543254817e-06	0.05622321319703661	0.01298077734182351	2264.4057418397183	0.0031127646279873653	0.031225099316108985
ti|1491|org|Clostridium_botulinum	2.065640235056022e-05	0.0011465063086509633	200.0	0.0011465063086509633	0.0	7.265167372796627e-05	0.0009561305121085365	166.79027492374942	0.0009802628938965737	0.0019777233824229117
ti|515621|org|Clostridium_botulinum_Ba4_str._657	4.318054951044655e-06	0.00025223138790321194	44.0	0.00025223138790321194	0.0	3.93659802060443e-05	0.0012646450317454262	220.60847327276738	0.000280894045619486	0.007114071645179227
ti|941968|org|Clostridium_botulinum_H04402_065	1.6038190639210237e-07	1.1465063086509633e-05	2.0	1.1465063086509633e-05	0.0	0.00021824023240269079	0.0017012084723968426	296.7639095503224	9.745303623533189e-05	0.009240840847726764
ti|498214|org|Clostridium_botulinum_A3_str._Loch_Maree	3.0788750735343333e-08	2.2930126173019267e-05	4.0	2.2930126173019267e-05	0.0	3.7541226657622476e-06	0.0013559603072690273	236.53778388093093	0.000750961632166381	0.006408970265358885
