Total Number of Aligned Reads:	264270	Total Number of Mapped Genomes:	16020
Genome	Final Guess	Final Best Hit	Final Best Hit Read Numbers	Final High Confidence Hits	Final Low Confidence Hits	Initial Guess	Initial Best Hit	Initial Best Hit Read Numbers	Initial High Confidence Hits	Initial Low Confidence Hits
ti|76869|org|Pseudomonas_putida_GB-1	0.993837487116849	0.4646951980928596	122805.0	0.4646951980928596	0.0	0.9606134977962448	0.4397294484217547	116207.30133441712	0.43163052938282814	0.020244446967116962
ti|351746|org|Pseudomonas_putida_F1	0.003282733502891129	0.3488174972565936	92182.0	0.3466606122526204	0.0021568850039732092	0.010447165294157332	0.11091361209365054	29311.140267989027	0.05626442653346956	0.09875506111174177
ti|1331671|org|Pseudomonas_putida_H8234	0.002024295985262135	0.14280849131569986	37740.0	0.141283535777803	0.0015249555378968479	0.005504476141858501	0.14050419049107202	37131.0424210756	0.12216672342679835	0.02430090437809816
ti|160488|org|Pseudomonas_putida_KT2440	0.0004334114158754232	0.029628788738789873	7830.0	0.0288871230181254	0.000741665720664472	0.005865315218317702	0.15047591766060572	39766.27076016828	0.09844477239187195	0.06621636962197752
ti|231023|org|Pseudomonas_putida_ND6	0.00042115851533729566	0.013664055700609225	3611.0	0.013323494910508193	0.00034056079010103305	0.001020616339676021	0.09488097775712644	25074.195991875804	0.04082567071555606	0.09131569985242366
ti|1042876|org|Pseudomonas_putida_S16	6.881943367835267e-07	0.00021568850039732092	57.0	0.00021568850039732092	0.0	1.2685189765729667e-05	0.001116453485072765	295.04516250017963	0.0006016573958451583	0.0020887728459530026
ti|437561|org|bacterium_142412	2.1368370388443883e-07	0.0001248722897037121	33.0	0.0001248722897037121	0.0	2.1368554953418678e-07	0.00012914505160468485	34.12916278757007	0.00012865629848261248	0.0
ti|1215088|org|Pseudomonas_putida_HB3267	1.1585666552637317e-08	4.162409656790404e-05	11.0	4.162409656790404e-05	0.0	0.007731831220458947	0.0036423047906488674	962.5518870247762	0.0010027623264085973	0.011688803118023235
ti|303|org|Pseudomonas_putida	2.139941101373799e-14	3.784008778900367e-06	1.0	3.784008778900367e-06	0.0	0.00027017826130007195	0.0026381831861807736	697.1926706119931	0.0014076512657509364	0.00226662125856132
