Total Number of Aligned Reads:	240100	Total Number of Mapped Genomes:	14313
Genome	Final Guess	Final Best Hit	Final Best Hit Read Numbers	Final High Confidence Hits	Final Low Confidence Hits	Initial Guess	Initial Best Hit	Initial Best Hit Read Numbers	Initial High Confidence Hits	Initial Low Confidence Hits
ti|545693|org|Bacillus_megaterium_QM_B1551	0.9989724170923181	0.993127863390254	238450.0	0.993127863390254	0.0	0.9411738433793743	0.9750852515417575	234117.968895176	0.9627613494377343	0.02346938775510204
ti|592022|org|Bacillus_megaterium_DSM_319	0.00042071860786081127	0.0032653061224489797	784.0	0.0032611411911703456	4.164931278633902e-06	0.03815174917772683	0.009570269154297288	2297.821623946779	0.004531445231153686	0.012915451895043732
ti|1404|org|Bacillus_megaterium	0.0003344581339925417	0.0007621824239900042	183.0	0.0007621824239900042	0.0	0.003131210600291013	0.0035042703905979766	841.3753207825741	0.0024614743856726366	0.003540191586838817
ti|1006007|org|Bacillus_megaterium_WSH-002	0.0002688905416294069	0.002632236568096626	632.0	0.002632236568096626	0.0	0.017494379063609056	0.007893092688782508	1895.1315545766802	0.004106622240733028	0.010154102457309454
ti|667343|org|Cre-expression_vector_pHVX2-cre	1.757744535702095e-06	0.00010204081632653062	24.5	0.0	0.00020408163265306123	1.757744914325504e-06	0.00010204081632653062	24.5	0.00019158683881715952	1.2494793835901708e-05
ti|667342|org|Cre-expression_vector_pBRTX2-cre	1.757744535702095e-06	0.00010204081632653062	24.5	0.0	0.00020408163265306123	1.757744914325504e-06	0.00010204081632653062	24.5	0.00019158683881715952	1.2494793835901708e-05
ti|716837|org|Bacillus_sp._CFM_2	1.355271747705035e-10	8.329862557267805e-06	2.0	8.329862557267805e-06	0.0	7.053289735081865e-10	6.791438812180874e-05	16.30624458804628	6.663890045814244e-05	0.0
