Total Number of Aligned Reads:	167970	Total Number of Mapped Genomes:	5976
Genome	Final Guess	Final Best Hit	Final Best Hit Read Numbers	Final High Confidence Hits	Final Low Confidence Hits	Initial Guess	Initial Best Hit	Initial Best Hit Read Numbers	Initial High Confidence Hits	Initial Low Confidence Hits
ti|441771|org|Clostridium_botulinum_A_str._Hall	0.9797890506682893	0.9589271893790557	161071.0	0.9589271893790557	0.0	0.7467317830975594	0.8664724474420142	145541.37699683514	0.7466392808239567	0.20341727689468359
ti|441770|org|Clostridium_botulinum_A_str._ATCC_19397	0.014797402017979168	0.017312615347978805	2908.0	0.017306661903911412	5.953444067392987e-06	0.019762765268144637	0.03177201834473273	5336.745921364756	0.025599809489789842	0.03051140084538906
ti|536232|org|Clostridium_botulinum_A2_str._Kyoto	0.004534968941295887	0.016895874263261296	2838.0	0.016895874263261296	0.0	0.10930169419179687	0.05147689352784555	8646.573805872216	0.012222420670357802	0.09111746145144967
ti|498213|org|Clostridium_botulinum_B1_str._Okra	0.0008039340272960993	0.00474489492171221	797.0	0.004738941477644818	5.953444067392987e-06	0.06075275426898131	0.017631610399422678	2961.5815987910273	0.006590462582604036	0.03279156992320057
ti|1491|org|Clostridium_botulinum	3.420119004716001e-05	0.0005000893016610108	84.0	0.0005000893016610108	0.0	0.00013256895953216378	0.0010157865368581299	170.62166459606007	0.0005000893016610108	0.0028755134845508128
ti|441772|org|Clostridium_botulinum_F_str._Langeland	3.3479029427221086e-05	0.0010716199321307376	180.0	0.0010716199321307376	0.0	0.06195559988570575	0.016730225998033567	2810.1760608896984	0.0052807048877775795	0.03374412097398345
ti|508765|org|Clostridium_botulinum_B_str._Eklund_17B	4.873158282039016e-06	0.0002559980948978984	43.0	0.0002559980948978984	0.0	4.873180656531313e-06	0.00027088170506638093	45.5	0.0002559980948978984	2.9767220336964933e-05
ti|498214|org|Clostridium_botulinum_A3_str._Loch_Maree	2.0865029350860374e-06	0.0002798118711674704	47.0	0.0002798118711674704	0.0	0.00038798175634446115	0.001072341526285211	180.1212061701269	0.0002262308745609335	0.006084419836875633
ti|515621|org|Clostridium_botulinum_Ba4_str._657	4.4652608604530436e-09	1.1906888134785974e-05	2.0	1.1906888134785974e-05	0.0	2.3125510560244093e-05	0.0009634725484196623	161.83448395805067	0.00010120854914568078	0.006352324819908317
