Total Number of Aligned Reads:	213940	Total Number of Mapped Genomes:	13483
Genome	Final Guess	Final Best Hit	Final Best Hit Read Numbers	Final High Confidence Hits	Final Low Confidence Hits	Initial Guess	Initial Best Hit	Initial Best Hit Read Numbers	Initial High Confidence Hits	Initial Low Confidence Hits
ti|743720|org|Pseudomonas_fulva_12-X	0.9999999747264714	0.9992941946340095	213789.0	0.9992941946340095	0.0	0.9999950340290494	0.9668189539177428	206841.2470011619	0.9652659624193699	0.0024679816771057306
ti|399739|org|Pseudomonas_mendocina_ymp	1.933226673197356e-08	0.0006590632887725531	141.0	0.0006543890810507619	4.674207721791156e-06	3.0985881857187326e-08	0.01104337545520597	2362.619744886765	0.010199121248948303	0.001734131064784519
ti|47882|org|Pseudomonas_straminea	4.1034177739338345e-09	1.8696830887164625e-05	4.0	1.8696830887164625e-05	0.0	4.308105482384657e-06	0.00011417518323701494	24.426638701726976	4.206786949612041e-05	0.0002570814246985136
ti|437561|org|bacterium_142412	1.624897488401836e-09	1.8696830887164625e-05	4.0	1.8696830887164625e-05	0.0	2.2780997097526978e-09	4.685287656628775e-05	10.0237044125916	4.674207721791156e-05	0.0
