Total Number of Aligned Reads:	170420	Total Number of Mapped Genomes:	6510
Genome	Final Guess	Final Best Hit	Final Best Hit Read Numbers	Final High Confidence Hits	Final Low Confidence Hits	Initial Guess	Initial Best Hit	Initial Best Hit Read Numbers	Initial High Confidence Hits	Initial Low Confidence Hits
ti|441771|org|Clostridium_botulinum_A_str._Hall	0.7377871614497521	0.7706724562844737	131338.0	0.7697688064781129	0.0009036498063607558	0.2624815455964154	0.2688525428580089	45817.85035386188	0.16863044243633377	0.1627508508391034
ti|941968|org|Clostridium_botulinum_H04402_065	0.15315493675459327	0.08791221687595353	14982.0	0.08754840981105504	0.0003638070648984861	0.14935736246868048	0.10553193782362802	17984.752843902686	0.0890153737824199	0.028189179673747213
ti|536232|org|Clostridium_botulinum_A2_str._Kyoto	0.08808794687429322	0.10019950710010563	17076.0	0.09944842154676681	0.00075108555333881	0.2500667685565392	0.26233178624358944	44706.58301163251	0.15654265931228728	0.16929937800727615
ti|441772|org|Clostridium_botulinum_F_str._Langeland	0.018622747920004307	0.034180260532801314	5825.0	0.033763642764933696	0.00041661776786762114	0.17178556613421278	0.17776958940284615	30295.49342603304	0.09471306184720103	0.13989555216523883
ti|1491|org|Clostridium_botulinum	0.001438086523583345	0.0007276141297969722	124.0	0.0007276141297969722	0.0	0.0015425079137656099	0.002395774315391769	408.28785882906527	0.000803896256307945	0.004688416852482103
ti|498213|org|Clostridium_botulinum_B1_str._Okra	0.0008956703953480811	0.004799906114305833	818.0	0.004782302546649454	1.760356765637836e-05	0.16114869177771138	0.16674884133724405	28417.33754069313	0.08898016664710715	0.1290752259124516
ti|498214|org|Clostridium_botulinum_A3_str._Loch_Maree	6.882441189175146e-06	0.0011559676094355122	197.0	0.0011559676094355122	0.0	0.0012623389415882455	0.0032819578360574826	559.3112544209162	0.0019715995775143763	0.007387630559793451
ti|508765|org|Clostridium_botulinum_B_str._Eklund_17B	6.565711875229187e-06	0.0003227320737002699	55.0	0.0003227320737002699	0.0	6.5658044388126105e-06	0.0003403356413566483	58.0	0.00032859992958572936	2.347142354183781e-05
ti|515621|org|Clostridium_botulinum_Ba4_str._657	1.929295539494543e-09	2.9339279427297264e-05	5.0	2.9339279427297264e-05	0.0	1.282277674046021e-05	0.0015319979074717492	261.0830833913355	0.00035793920901302666	0.007235066306771506
