Total Number of Aligned Reads:	174225	Total Number of Mapped Genomes:	6289
Genome	Final Guess	Final Best Hit	Final Best Hit Read Numbers	Final High Confidence Hits	Final Low Confidence Hits	Initial Guess	Initial Best Hit	Initial Best Hit Read Numbers	Initial High Confidence Hits	Initial Low Confidence Hits
ti|441772|org|Clostridium_botulinum_F_str._Langeland	0.9960191880524889	0.9846807289424595	171556.0	0.9846807289424595	0.0	0.7145254125873514	0.8504978613941295	148177.98990139223	0.726405510116229	0.24448270914047926
ti|498213|org|Clostridium_botulinum_B1_str._Okra	0.0028457094658099046	0.008236475821495193	1435.0	0.008224996412684748	1.1479408810446263e-05	0.11577398075765795	0.04282328653639849	7460.887096804026	0.006491605682307361	0.08653178361314393
ti|758678|org|Clostridium_botulinum_F_str._230613	0.0007685094675708691	0.0006715454154111063	117.0	0.0006715454154111063	0.0	0.05328051805818682	0.0672568067177823	11717.817150405619	0.05065863108049935	0.0827550581145071
ti|536232|org|Clostridium_botulinum_A2_str._Kyoto	0.00019270094905456534	0.0034782608695652175	606.0	0.003466781460754771	1.1479408810446263e-05	0.05968670282165617	0.017433015206187733	3037.267074298058	0.005429760367341082	0.0358559334194289
ti|441771|org|Clostridium_botulinum_A_str._Hall	0.0001551332851724986	0.001532501076194576	267.0	0.0015152819629789065	1.7219113215669393e-05	0.05634492737729976	0.012830970482314935	2235.4758322813195	0.002927249246663797	0.03140192280097575
ti|1491|org|Clostridium_botulinum	1.5410894207904957e-05	0.0011135026546132873	194.0	0.0011135026546132873	0.0	5.9032410576525435e-05	0.0008634957521883405	150.44254742501363	0.0009298321136461472	0.0018137465920505093
ti|515621|org|Clostridium_botulinum_Ba4_str._657	2.800275307873088e-06	0.00017219113215669393	30.0	0.00017219113215669393	0.0	4.431572683148178e-05	0.0010540627676573326	183.64408569509877	0.00017793083656191707	0.0069909599655617735
ti|498214|org|Clostridium_botulinum_A3_str._Loch_Maree	5.476113570579167e-07	0.00011479408810446262	20.0	0.00011479408810446262	0.0	5.413295426826768e-06	0.0013520665773847505	235.56379944485818	0.0008207777299469078	0.0064973453867125846
