Total Number of Aligned Reads:	179650	Total Number of Mapped Genomes:	6811
Genome	Final Guess	Final Best Hit	Final Best Hit Read Numbers	Final High Confidence Hits	Final Low Confidence Hits	Initial Guess	Initial Best Hit	Initial Best Hit Read Numbers	Initial High Confidence Hits	Initial Low Confidence Hits
ti|863638|org|Clostridium_acetobutylicum_EA_2018	0.9904731945346434	0.9908154745338158	178000.0	0.9908154745338158	0.0	0.33532069925871816	0.34500904547495603	61980.87501957585	0.009952685777901475	0.9796938491511272
ti|991791|org|Clostridium_acetobutylicum_DSM_1731	0.008395510760734696	0.008160311717227944	1466.0	0.008160311717227944	0.0	0.3329035611516127	0.3293854636264262	59174.09854048747	0.01065961591984414	0.9631171722794323
ti|272562|org|Clostridium_acetobutylicum_ATCC_824	0.0009270365150438973	0.0007904258279988868	142.0	0.0007904258279988868	0.0	0.3302146068420831	0.3219869440181544	57844.95449286144	0.01043139437795714	0.9494739771778458
ti|1520|org|Clostridium_beijerinckii	9.480999640798607e-05	7.792930698580573e-05	14.0	7.792930698580573e-05	0.0	0.0001421462673528568	0.0001210687447815196	21.749999999999996	7.792930698580573e-05	0.00015029223490119678
ti|1488|org|Clostridium_acetobutylicum	7.795448797427156e-05	8.349568605622043e-05	15.0	8.349568605622043e-05	0.0	0.0010796855012694233	0.0015362211311279023	275.98212620712764	0.0002115224046757584	0.005677706651822989
ti|1128739|org|Integration_vector_pMTL-JH31	3.144870204934879e-05	5.566379070414695e-05	10.0	5.566379070414695e-05	0.0	7.56075038089306e-05	0.00010130809908154746	18.200000000000003	7.792930698580573e-05	0.0001057612023378792
ti|220089|org|Shuttle_vector_pSOS95	4.500394134345002e-08	1.6699137211244086e-05	3.0	1.6699137211244086e-05	0.0	0.0001163101025698437	0.00010386598279723801	18.659523809523808	5.566379070414695e-05	0.0002226551628165878
