Total Number of Aligned Reads:	163500	Total Number of Mapped Genomes:	6294
Genome	Final Guess	Final Best Hit	Final Best Hit Read Numbers	Final High Confidence Hits	Final Low Confidence Hits	Initial Guess	Initial Best Hit	Initial Best Hit Read Numbers	Initial High Confidence Hits	Initial Low Confidence Hits
ti|441771|org|Clostridium_botulinum_A_str._Hall	0.9968547596850544	0.9858593272171254	161188.0	0.9858593272171254	0.0	0.7628363605096155	0.8950556946987459	146341.60608324496	0.7726177370030581	0.20716207951070337
ti|536232|org|Clostridium_botulinum_A2_str._Kyoto	0.0026214639520268468	0.009712538226299694	1588.0	0.009694189602446484	1.8348623853211008e-05	0.10890988989522792	0.04691214456174738	7670.135635845697	0.00836697247706422	0.09058715596330275
ti|498213|org|Clostridium_botulinum_B1_str._Okra	0.00044441627866707324	0.0026788990825688075	438.0	0.0026666666666666666	1.2232415902140673e-05	0.06052468450147035	0.01457992419848949	2383.8176064530317	0.004207951070336392	0.03221406727828746
ti|1491|org|Clostridium_botulinum	5.018318997412008e-05	0.00044036697247706424	72.0	0.00044036697247706424	0.0	0.00014464872373976526	0.0010181200498265155	166.4626281466353	0.00044036697247706424	0.003376146788990826
ti|441772|org|Clostridium_botulinum_F_str._Langeland	2.5529471482833274e-05	0.0009174311926605505	150.0	0.0009174311926605505	0.0	0.06146380295460426	0.013777410350974201	2252.606592384282	0.0033700305810397554	0.031804281345565746
ti|508765|org|Clostridium_botulinum_B_str._Eklund_17B	3.1604909835191525e-06	0.00025688073394495415	42.0	0.00025688073394495415	0.0	3.160509470765601e-06	0.0002691131498470948	44.0	0.00025688073394495415	2.4464831804281346e-05
ti|498214|org|Clostridium_botulinum_A3_str._Loch_Maree	4.869325718562163e-07	0.0001345565749235474	22.0	0.0001345565749235474	0.0	0.0003530918448233585	0.0009069697477716596	148.28955376066634	0.0001529051987767584	0.0059388379204892965
