Total Number of Aligned Reads:	135130	Total Number of Mapped Genomes:	7748
Genome	Final Guess	Final Best Hit	Final Best Hit Read Numbers	Final High Confidence Hits	Final Low Confidence Hits	Initial Guess	Initial Best Hit	Initial Best Hit Read Numbers	Initial High Confidence Hits	Initial Low Confidence Hits
ti|1128398|org|Clostridium_acidurici_9a	0.9999999878777172	0.9992895730037742	135034.0	0.9992599718789315	2.9601124842744026e-05	0.9997292507001827	0.9980833271664323	134871.0	0.9975653074816843	0.0010286390882853548
ti|536232|org|Clostridium_botulinum_A2_str._Kyoto	9.77373928384672e-09	0.0006586250277510545	89.0	0.0005772219344335085	8.140309331754607e-05	4.262100946821668e-09	0.00015787266582796815	21.333333333333336	2.220084363205802e-05	0.00014800562421372012
ti|441772|org|Clostridium_botulinum_F_str._Langeland	1.153398544659823e-09	5.1801968474802044e-05	7.0	0.0	5.1801968474802044e-05	2.8974564721310847e-09	0.00045018377365006534	60.83333333333333	0.00019980759268852216	0.0002738104047953822
