Total Number of Aligned Reads:	134160	Total Number of Mapped Genomes:	5630
Genome	Final Guess	Final Best Hit	Final Best Hit Read Numbers	Final High Confidence Hits	Final Low Confidence Hits	Initial Guess	Initial Best Hit	Initial Best Hit Read Numbers	Initial High Confidence Hits	Initial Low Confidence Hits
ti|195102|org|Clostridium_perfringens_str._13	0.9938517529291009	0.9830724508050089	131889.0	0.9830649970184854	7.4537865235539655e-06	0.8275666148153293	0.917618346763973	123107.67740185463	0.8633273703041144	0.11454233750745378
ti|195103|org|Clostridium_perfringens_ATCC_13124	0.005600636148670107	0.013580799045915325	1822.0	0.013580799045915325	0.0	0.12795725642105685	0.054609073083440866	7326.353244874426	0.020550089445438284	0.08454830053667263
ti|289380|org|Clostridium_perfringens_SM101	0.00037970521619844173	0.0027504472271914133	369.0	0.0027504472271914133	0.0	0.035470841064469585	0.01262211256133899	1693.382621229239	0.006417710196779964	0.020483005366726297
ti|1502|org|Clostridium_perfringens	0.00016790570659369738	0.0005366726296958855	72.0	0.0005366726296958855	0.0	0.008777595592177414	0.010961791590762339	1470.6339598166753	0.0032647584973166366	0.02182468694096601
ti|59620|org|uncultured_Clostridium_sp.	1.872204979018785e-17	5.9630292188431724e-05	8.0	0.0	5.9630292188431724e-05	1.6666808397387125e-17	6.594173769595976e-05	8.846743529289961	0.0	0.001505664877757901
