Total Number of Aligned Reads:	178550	Total Number of Mapped Genomes:	6344
Genome	Final Guess	Final Best Hit	Final Best Hit Read Numbers	Final High Confidence Hits	Final Low Confidence Hits	Initial Guess	Initial Best Hit	Initial Best Hit Read Numbers	Initial High Confidence Hits	Initial Low Confidence Hits
ti|498213|org|Clostridium_botulinum_B1_str._Okra	0.9931909908490152	0.974724166900028	174037.0	0.974724166900028	0.0	0.761804810803588	0.9029263714116196	161217.50361554467	0.7805992719126296	0.18839540744889385
ti|498214|org|Clostridium_botulinum_A3_str._Loch_Maree	0.0049847997796124855	0.01493699243909269	2667.0	0.01493699243909269	0.0	0.006635133118006306	0.01649987095179102	2946.051958442287	0.015956314757770932	0.00679361523382806
ti|441772|org|Clostridium_botulinum_F_str._Langeland	0.0012905396619963042	0.005847101652198264	1044.0	0.005819098291795015	2.800336040324839e-05	0.11504665442858293	0.041603548452029605	7428.3135761098865	0.006362363483618034	0.08511901428171381
ti|441771|org|Clostridium_botulinum_A_str._Hall	0.0002346881616858872	0.0023354802576309158	417.0	0.0023298795855502662	5.600672080649678e-06	0.055121803985313245	0.013214403654720163	2359.431772550285	0.003931671800616074	0.030747689722766734
ti|1491|org|Clostridium_botulinum	0.0002042842689366133	0.00031363763651638194	56.0	0.00031363763651638194	0.0	0.000501512431841837	0.0011696258678784877	208.83669870970397	0.0005096611593391207	0.0030019602352282272
ti|536232|org|Clostridium_botulinum_A2_str._Kyoto	8.072512724545027e-05	0.001304956594791375	233.0	0.0012993559227107252	5.600672080649678e-06	0.05662565937842721	0.012605756426068952	2250.757809874611	0.002710725287034444	0.030915709885186222
ti|508765|org|Clostridium_botulinum_B_str._Eklund_17B	1.2758207573045436e-05	0.0003976477177261271	71.0	0.0003976477177261271	0.0	1.2758247403968992e-05	0.000400448053766452	71.5	0.00039204704564547744	1.6802016241949035e-05
ti|515621|org|Clostridium_botulinum_Ba4_str._657	1.213944778111931e-06	0.00014001680201624196	25.0	0.00014001680201624196	0.0	0.00013311056208963737	0.001979877067851865	353.5070504649505	0.0010753290394847383	0.007000840100812098
