Total Number of Aligned Reads:	179680	Total Number of Mapped Genomes:	6673
Genome	Final Guess	Final Best Hit	Final Best Hit Read Numbers	Final High Confidence Hits	Final Low Confidence Hits	Initial Guess	Initial Best Hit	Initial Best Hit Read Numbers	Initial High Confidence Hits	Initial Low Confidence Hits
ti|272562|org|Clostridium_acetobutylicum_ATCC_824	0.9936968786136576	0.9938446126447017	178574.0	0.9938390471950134	5.565449688334818e-06	0.337544742894332	0.3462934159756373	62222.000982502504	0.016802092609082813	0.9748441674087266
ti|991791|org|Clostridium_acetobutylicum_DSM_1731	0.004285852752432913	0.004636019590382903	833.0	0.004636019590382903	0.0	0.33205857594970645	0.329019035531383	59118.140304278895	0.010407390917186109	0.9620770258236866
ti|863638|org|Clostridium_acetobutylicum_EA_2018	0.0018562879610737435	0.0012967497773820125	233.0	0.0012967497773820125	0.0	0.32884251316508495	0.32119863106690416	57712.97003010134	0.007941896705253785	0.9494323241317898
ti|1520|org|Clostridium_beijerinckii	6.746292142585764e-05	6.67853962600178e-05	12.0	6.67853962600178e-05	0.0	0.00013060245738055702	0.00011084520629266845	19.916666666666668	6.67853962600178e-05	0.00015026714158504007
ti|1488|org|Clostridium_acetobutylicum	5.70737645378995e-05	5.565449688334817e-05	10.0	5.565449688334817e-05	0.0	0.0010824281944340477	0.0014506616120596586	260.65487845487945	0.0001558325912733749	0.005571015138023152
ti|1128739|org|Integration_vector_pMTL-JH31	3.640058907934046e-05	8.348174532502226e-05	15.0	8.348174532502226e-05	0.0	9.185336184755417e-05	0.00013913624220837043	24.999999999999996	0.00012243989314336597	0.00011130899376669635
ti|220089|org|Shuttle_vector_pSOS95	4.3398224555292745e-08	1.669634906500445e-05	3.0	1.669634906500445e-05	0.0	0.00010041091682434935	8.817262434804734e-05	15.842857142857145	5.565449688334817e-05	0.0001558325912733749
