Total Number of Aligned Reads:	123290	Total Number of Mapped Genomes:	4723
Genome	Final Guess	Final Best Hit	Final Best Hit Read Numbers	Final High Confidence Hits	Final Low Confidence Hits	Initial Guess	Initial Best Hit	Initial Best Hit Read Numbers	Initial High Confidence Hits	Initial Low Confidence Hits
ti|1042156|org|Clostridium_sp._SY8519	0.9982095347310052	0.9934544569713684	122483.0	0.9934544569713684	0.0	0.9981299246127685	0.9898187387890508	122034.75230530207	0.988190445291589	0.0033173817827885474
ti|657319|org|Eubacterium_siraeum_70/3	0.001289728903248568	0.0016951902019628519	209.0	0.0016951902019628519	0.0	0.0012815074685074443	0.0018204721355742045	224.44600959494366	0.0016870792440587233	0.0008435396220293616
ti|717608|org|Clostridium_cf._saccharolyticum_K10	0.00026383019749334617	0.000356882147781653	44.0	0.000356882147781653	0.0	0.00019686100098103524	0.00043715147902519586	53.896405849016396	0.00019466298969908347	0.0010787574012490876
ti|717962|org|Coprococcus_catus_GD/7	0.00013698861371615642	0.004347473436612864	536.0	0.004347473436612864	0.0	0.00013698861371615686	0.004375861789277314	539.5	0.004347473436612864	5.6776705328899344e-05
ti|585394|org|Roseburia_hominis_A2-183	5.0620573510838165e-05	0.0001054424527536702	13.0	0.0001054424527536702	0.0	5.5085459469460626e-05	0.00010994720287935391	13.555390642995544	9.733149484954174e-05	0.0005353232216724795
ti|717961|org|Eubacterium_siraeum_V10Sc8a	4.929698102590645e-05	4.055478952064239e-05	5.0	4.055478952064239e-05	0.0	7.364089681762417e-05	0.00010869483851541265	13.400986640565225	4.055478952064239e-05	0.0006407656744261498
