Total Number of Aligned Reads:	163460	Total Number of Mapped Genomes:	5834
Genome	Final Guess	Final Best Hit	Final Best Hit Read Numbers	Final High Confidence Hits	Final Low Confidence Hits	Initial Guess	Initial Best Hit	Initial Best Hit Read Numbers	Initial High Confidence Hits	Initial Low Confidence Hits
ti|441771|org|Clostridium_botulinum_A_str._Hall	0.9968545683273686	0.986021044903952	161175.0	0.986021044903952	0.0	0.7637394121743304	0.8949634903750234	146290.73213670132	0.7730025694359476	0.20686406460296097
ti|536232|org|Clostridium_botulinum_A2_str._Kyoto	0.002566579998570863	0.009188792365104613	1502.0	0.009170439251192953	1.8353113911660346e-05	0.1086137512800261	0.046398882529850013	7584.361338329283	0.008454667808638199	0.0897222562094702
ti|441772|org|Clostridium_botulinum_F_str._Langeland	0.0004635403169666985	0.002593906766181329	424.0	0.002593906766181329	0.0	0.06129327464505506	0.014034634501146455	2294.1013555573995	0.003401443778294384	0.03245442310045271
ti|498213|org|Clostridium_botulinum_B1_str._Okra	8.137837647570129e-05	0.0011929524042579224	195.0	0.0011929524042579224	0.0	0.060294466302871136	0.014403567572636356	2354.4071554231386	0.004117215220849137	0.03213630245931726
ti|1491|org|Clostridium_botulinum	2.7226361761877036e-05	0.0005995350544475712	98.0	0.0005995350544475712	0.0	0.0001249456639336247	0.0011709150825136164	191.39777938767574	0.0006117704637220115	0.003297442799461642
ti|508765|org|Clostridium_botulinum_B_str._Eklund_17B	6.6858004429471e-06	0.0002814144133121253	46.0	0.0002814144133121253	0.0	6.685852395221551e-06	0.00029364982258656553	48.0	0.0002814144133121253	2.447081854888046e-05
ti|498214|org|Clostridium_botulinum_A3_str._Loch_Maree	1.4519468168364072e-08	0.00011011868346996207	18.0	0.00011011868346996207	0.0	0.000311791719481823	0.0009352546348710302	152.87672261601858	0.00018964884375382356	0.006001468249112933
ti|515621|org|Clostridium_botulinum_Ba4_str._657	6.2997672746769264e-09	1.223540927444023e-05	2.0	1.223540927444023e-05	0.0	2.494245444186698e-06	0.0009030087284152207	147.60580674675197	9.788327419552184e-05	0.006497002324727762
