Total Number of Aligned Reads:	167300	Total Number of Mapped Genomes:	7638
Genome	Final Guess	Final Best Hit	Final Best Hit Read Numbers	Final High Confidence Hits	Final Low Confidence Hits	Initial Guess	Initial Best Hit	Initial Best Hit Read Numbers	Initial High Confidence Hits	Initial Low Confidence Hits
ti|508765|org|Clostridium_botulinum_B_str._Eklund_17B	0.9978304918516837	0.967525403466826	161867.0	0.967525403466826	0.0	0.9923704748372207	0.9576322235909837	160211.87100677157	0.9515062761506277	0.012289300657501494
ti|508767|org|Clostridium_botulinum_E3_str._Alaska_E43	0.002104497037059867	0.032277346084877465	5400.0	0.032277346084877465	0.0	0.007393456347371604	0.036867460642565256	6167.926165501167	0.033986849970113565	0.0086252241482367
ti|1491|org|Clostridium_botulinum	6.501110083904965e-05	0.0001972504482964734	33.0	0.0001972504482964734	0.0	0.00023601579275856765	0.0019440983569794074	325.24765512265486	0.0002450687387925882	0.005230125523012552
