Total Number of Aligned Reads:	156190	Total Number of Mapped Genomes:	12154
Genome	Final Guess	Final Best Hit	Final Best Hit Read Numbers	Final High Confidence Hits	Final Low Confidence Hits	Initial Guess	Initial Best Hit	Initial Best Hit Read Numbers	Initial High Confidence Hits	Initial Low Confidence Hits
ti|439292|org|Bacillus_selenitireducens_MLS10	0.999999999999999	0.9999871950829118	156188.0	0.9999871950829118	0.0	0.9999999999998999	0.997866557434717	155856.77760572845	0.9955630962289519	0.003329278442922082
ti|1225788|org|Bacillus_amyloliquefaciens_subsp._plantarum_AS43.3	9.494074788483485e-16	1.2804917088161854e-05	2.0	1.2804917088161854e-05	0.0	7.981580808696663e-15	2.1341528480269753e-05	3.333333333333333	1.920737563224278e-05	1.2804917088161854e-05
