Total Number of Aligned Reads:	118060	Total Number of Mapped Genomes:	7116
Genome	Final Guess	Final Best Hit	Final Best Hit Read Numbers	Final High Confidence Hits	Final Low Confidence Hits	Initial Guess	Initial Best Hit	Initial Best Hit Read Numbers	Initial High Confidence Hits	Initial Low Confidence Hits
ti|1511|org|[Clostridium]_sticklandii	0.9987375304114468	0.9979078434694223	117813.0	0.9979078434694223	0.0	0.9964612155440327	0.991410920935913	117045.97332569389	0.9924868710825004	0.0016093511773674404
ti|1256570|org|uncultured_bacterium_A1Q1_fos_291	0.00101951194274036	0.0018295781805861427	216.0	0.0018295781805861427	0.0	0.0010195119314295154	0.0025606797757574845	302.3138543259286	0.0017194646789767914	0.002100626799932238
ti|499177|org|Clostridium_sticklandii_DSM_519	0.00024295764581291622	0.00026257834999152975	31.0	0.00026257834999152975	0.0	0.0025192724192433192	0.0025537862104014907	301.5	0.004760291377265797	0.0
