Total Number of Aligned Reads:	183590	Total Number of Mapped Genomes:	10920
Genome	Final Guess	Final Best Hit	Final Best Hit Read Numbers	Final High Confidence Hits	Final Low Confidence Hits	Initial Guess	Initial Best Hit	Initial Best Hit Read Numbers	Initial High Confidence Hits	Initial Low Confidence Hits
ti|279010|org|Bacillus_licheniformis_DSM_13_=_ATCC_14580	0.9969266053514142	0.983212593278501	180508.0	0.983212593278501	0.0	0.9868903272254052	0.9655405891765441	177263.59676692172	0.9621221199411732	0.014368974345007899
ti|1402|org|Bacillus_licheniformis	0.0025620974147935317	0.004994825426221472	917.0	0.004994825426221472	0.0	0.007681438565151256	0.01090111524412938	2001.3357476697129	0.008094122773571546	0.010746772700038128
ti|188549|org|Bacillus_sp._P-2850	0.000263381739414519	0.00033226210577918185	61.0	0.00033226210577918185	0.0	0.00035716921243504873	0.0003567732447301051	65.5	0.0003377090255460537	4.3575358134974674e-05
ti|99596|org|Cloning_vector_pAMY-em1	0.00014474570329822047	0.0002777929081104635	51.0	0.0002777929081104635	0.0	0.00014474570329822543	0.0003048459429525937	55.96666666666668	0.0002777929081104635	8.170379650307751e-05
ti|1423|org|Bacillus_subtilis	5.662122246288256e-05	0.00015796067323928318	29.0	0.00015796067323928318	0.0	5.665083505081712e-05	0.00011181476030720037	20.528071844798916	9.259763603682117e-05	0.00015796067323928318
ti|766760|org|Bacillus_licheniformis_9945A	4.614779707620244e-05	0.009586578789694428	1760.0	0.009586578789694428	0.0	0.004844787684766374	0.014608633976072446	2681.9991116671404	0.015670788169290267	0.0036276485647366414
ti|1225788|org|Bacillus_amyloliquefaciens_subsp._plantarum_AS43.3	3.260450581893012e-07	0.0012963669045154965	238.0	0.0012963669045154965	0.0	3.3143882577469843e-07	0.0021919491053748797	402.41993625577413	0.0021079579497794	0.00124734462661365
ti|7038|org|Bemisia_tabaci	4.1175202525893125e-08	1.0893839533743669e-05	2.0	1.0893839533743669e-05	0.0	4.1236329272108516e-08	1.0893839533743669e-05	2.0	1.0893839533743669e-05	0.0
ti|467999|org|Bacillus_sp._SRL60	3.343250313089844e-08	0.00013072607440492402	24.0	0.00013072607440492402	0.0	3.5442970408480824e-08	0.0001494354551542871	27.43485521177557	0.0001470668337055395	1.0893839533743669e-05
