Total Number of Aligned Reads:	129130	Total Number of Mapped Genomes:	5232
Genome	Final Guess	Final Best Hit	Final Best Hit Read Numbers	Final High Confidence Hits	Final Low Confidence Hits	Initial Guess	Initial Best Hit	Initial Best Hit Read Numbers	Initial High Confidence Hits	Initial Low Confidence Hits
ti|1510|org|[Clostridium]_stercorarium	0.9596313522144979	0.023031053976612717	2974.0	0.023031053976612717	0.0	0.9596313522144979	0.014665481076655862	1893.7535714285714	0.016185239680941686	0.000542089367304267
ti|203119|org|Clostridium_thermocellum_ATCC_27405	0.029499974586023964	0.013056609618214202	1686.0	0.013056609618214202	0.0	0.029499974529501986	0.0020780092413330274	268.3333333333338	0.002168357469217068	0.001866336250290405
ti|273068|org|Thermoanaerobacter_tengcongensis_MB4	0.010725804122998742	0.002269031208859289	293.0	0.002269031208859289	0.0	0.010725804122998742	0.0013319910168047703	172.0	0.0013319910168047703	0.0
ti|1121335|org|Clostridium_stercorarium_subsp._stercorarium_DSM_8532	0.00011996665759190023	0.9613103074421127	124134.0	0.9613103074421127	0.0	0.00011996665753389663	0.9799179398391362	126536.80357142766	0.9807248509254239	0.003477116084565941
ti|1094508|org|Thermoanaerobacterium_saccharolyticum_JW/SL-YS485	2.2902418885736822e-05	0.00033299775420119257	43.0	0.00033299775420119257	0.0	2.2902418885736822e-05	0.00033299775420119257	43.0	0.00033299775420119257	0.0
