Total Number of Aligned Reads:	228790	Total Number of Mapped Genomes:	7331
Genome	Final Guess	Final Best Hit	Final Best Hit Read Numbers	Final High Confidence Hits	Final Low Confidence Hits	Initial Guess	Initial Best Hit	Initial Best Hit Read Numbers	Initial High Confidence Hits	Initial Low Confidence Hits
ti|573061|org|Clostridium_cellulovorans_743B	0.999732584080942	0.9994711307312383	228669.0	0.9994711307312383	0.0	0.9957911440320723	0.9951308855199196	227675.9952981024	0.9962454652738318	0.0027842125967044015
ti|1493|org|Clostridium_cellulovorans	0.000220858267881918	0.00036714891385112984	84.0	0.00036714891385112984	0.0	0.004106053496715127	0.003903142619869751	893.0000000000003	0.007277415970977753	0.0001923160977315442
ti|548479|org|Mobiluncus_curtisii_ATCC_43063	4.6492515162685834e-05	7.867476725381354e-05	18.0	7.867476725381354e-05	0.0	2.3328917397526975e-05	7.492071073671515e-05	17.14110940945306	2.1854102014948207e-05	0.0004152279382840159
ti|567106|org|Campylobacter_jejuni_subsp._jejuni_IA3902	5.955509921978294e-08	4.3708204029896414e-05	10.0	4.3708204029896414e-05	0.0	5.2689526844772956e-08	4.8390944144813894e-05	11.07136411089197	3.933738362690677e-05	0.00022728266095546135
ti|1313|org|Streptococcus_pneumoniae	5.551826196762484e-09	3.933738362690677e-05	9.0	3.933738362690677e-05	0.0	5.579155102904523e-09	5.412131577841556e-05	12.382415836943697	3.933738362690677e-05	0.0001923160977315442
