Total Number of Aligned Reads:	289840	Total Number of Mapped Genomes:	6808
Genome	Final Guess	Final Best Hit	Final Best Hit Read Numbers	Final High Confidence Hits	Final Low Confidence Hits	Initial Guess	Initial Best Hit	Initial Best Hit Read Numbers	Initial High Confidence Hits	Initial Low Confidence Hits
ti|931276|org|Clostridium_saccharoperbutylacetonicum_N1-4(HMT)	0.999963318662674	0.9984922715981231	289403.0	0.9984922715981231	0.0	0.999900482001348	0.9922944779112665	287606.6314778015	0.9901566381451835	0.0035260833563345293
ti|36745|org|Clostridium_saccharoperbutylacetonicum	3.367241625668412e-05	4.4852332321280707e-05	13.0	4.4852332321280707e-05	0.0	9.605619658703172e-05	0.00014882364787206656	43.13504609923977	0.0001173060999171957	0.0010626552580734199
ti|536232|org|Clostridium_botulinum_A2_str._Kyoto	2.8766080468308443e-06	0.0010592050786640906	307.0	0.0010592050786640906	0.0	1.433879990802498e-06	0.0003581614815398973	103.80952380952382	0.00022081148219707425	0.00019321004692243997
ti|1492|org|Clostridium_butyricum	8.61335821631535e-08	7.935412641457355e-05	23.0	7.935412641457355e-05	0.0	8.61336426555087e-08	0.00011462918822872626	33.22412391621402	0.00011040574109853712	4.4852332321280707e-05
ti|1520|org|Clostridium_beijerinckii	2.5881666028270356e-08	9.31548440518907e-05	27.0	9.31548440518907e-05	0.0	2.0262209906761633e-07	0.00034113082416234214	98.87335807521325	0.00028291471156500136	0.000907397184653602
ti|290402|org|Clostridium_beijerinckii_NCIMB_8052	1.863113509418175e-08	0.00013455699696384213	39.0	0.00013110681755451283	3.450179409329285e-06	2.931131539355832e-07	0.0009359687287140328	271.28117633047526	0.0004657742202594535	0.0015180789401048854
ti|748727|org|Clostridium_ljungdahlii_DSM_13528	1.5145706605628678e-09	7.935412641457355e-05	23.0	7.935412641457355e-05	0.0	1.7118722656645934e-09	0.00029443447725948415	85.33888888888889	0.0002794645321556721	6.90035881865857e-05
ti|508767|org|Clostridium_botulinum_E3_str._Alaska_E43	1.3637593342336148e-10	3.450179409329285e-06	1.0	3.450179409329285e-06	0.0	4.93750797456159e-10	0.0017776091023399881	515.2222222222222	0.0017216395252553133	0.0001621584322384764
