Total Number of Aligned Reads:	202730	Total Number of Mapped Genomes:	5097
Genome	Final Guess	Final Best Hit	Final Best Hit Read Numbers	Final High Confidence Hits	Final Low Confidence Hits	Initial Guess	Initial Best Hit	Initial Best Hit Read Numbers	Initial High Confidence Hits	Initial Low Confidence Hits
ti|610130|org|Clostridium_saccharolyticum_WM1	0.9999545157716005	0.9976323188477285	202250.0	0.9976323188477285	0.0	0.9981965206378828	0.9936991501917897	201452.62871838151	0.9913283677798057	0.004281556750357619
ti|642492|org|Clostridium_lentocellum_DSM_5427	2.3229646364858383e-05	0.001958269619691215	397.0	0.001958269619691215	0.0	2.322964636943086e-05	0.001955803285157599	396.5	0.0019533369506239827	4.932669067232279e-06
ti|431943|org|Clostridium_kluyveri_DSM_555	2.1502659162749386e-05	0.0003403541656390273	69.0	0.0003403541656390273	0.0	0.000926191957104259	0.0006132951873592115	124.33333333333294	0.0001923740936220589	0.001430474029497361
ti|583346|org|Clostridium_kluyveri_NBRC_12016	4.7495746881209007e-07	4.932669067232279e-06	1.0	4.932669067232279e-06	0.0	0.0008533204470499151	0.0005812328384222018	117.83333333333296	0.0001381147338825038	0.0014206086913628965
ti|69825|org|Clostridium_indolis	2.732638529859662e-07	4.9326690672322796e-05	10.0	4.9326690672322796e-05	0.0	2.725114935784159e-07	0.00018656414520178756	37.82214915675839	5.919202880678735e-05	0.0004094115325802792
ti|36832|org|Clostridium_aerotolerans	3.7015502026392124e-09	1.4798007201696838e-05	3.0	1.4798007201696838e-05	0.0	4.467777361065767e-09	1.7922642069585903e-05	3.63345722676715	1.4798007201696838e-05	4.932669067232279e-06
