Total Number of Aligned Reads:	221620	Total Number of Mapped Genomes:	12784
Genome	Final Guess	Final Best Hit	Final Best Hit Read Numbers	Final High Confidence Hits	Final Low Confidence Hits	Initial Guess	Initial Best Hit	Initial Best Hit Read Numbers	Initial High Confidence Hits	Initial Low Confidence Hits
ti|592022|org|Bacillus_megaterium_DSM_319	0.9982040373550827	0.9881147910838372	218986.0	0.9881147910838372	0.0	0.9423394567455767	0.9725802805922867	215543.2417848626	0.9602066600487321	0.021834671961014348
ti|545693|org|Bacillus_megaterium_QM_B1551	0.0014866227763086954	0.009349336702463677	2072.0	0.009349336702463677	0.0	0.04244951298164757	0.015024648130380156	3329.7625186548503	0.009782510603736125	0.013098998285353308
ti|667343|org|Cre-expression_vector_pHVX2-cre	0.00010580558157120357	0.0001489035285624041	33.0	0.0	0.0002978070571248082	0.00010580568835861882	0.00016341786240712332	36.21666666666667	0.0002978070571248082	5.865896579731071e-05
ti|667342|org|Cre-expression_vector_pBRTX2-cre	0.00010580558157120357	0.0001489035285624041	33.0	0.0	0.0002978070571248082	0.00010580568835861882	0.00016341786240712332	36.21666666666667	0.0002978070571248082	5.865896579731071e-05
ti|1006007|org|Bacillus_megaterium_WSH-002	9.767017387260424e-05	0.001737207833228048	385.0	0.001737207833228048	0.0	0.012665707349317887	0.0060693829778456655	1345.0966555501564	0.003379658875552748	0.007891887013807419
ti|1404|org|Bacillus_megaterium	5.596009163064782e-08	0.0004692717263784857	104.0	0.0004692717263784857	0.0	0.00232803922378867	0.00245758679231157	544.6503849120901	0.0009069578557891887	0.003406732244382276
ti|716837|org|Bacillus_sp._CFM_2	2.5719848433956013e-09	3.158559696778269e-05	7.0	3.158559696778269e-05	0.0	2.7210698182201166e-09	7.083876416825434e-05	15.699286914968527	6.768342207382005e-05	0.0
