Total Number of Aligned Reads:	194077	Total Number of Mapped Genomes:	7846
Genome	Final Guess	Final Best Hit	Final Best Hit Read Numbers	Final High Confidence Hits	Final Low Confidence Hits	Initial Guess	Initial Best Hit	Initial Best Hit Read Numbers	Initial High Confidence Hits	Initial Low Confidence Hits
ti|699034|org|Clostridium_difficile_BI1	0.9903242175641657	0.9797039319445375	190138.0	0.9797039319445375	0.0	0.3171862513212023	0.35520915747105697	68937.92765451032	0.07555248689952956	0.8988082049908026
ti|699033|org|Clostridium_difficile_2007855	0.004807034719050482	0.005338087460131803	1036.0	0.005338087460131803	0.0	0.24113507029196435	0.2730123703749147	52985.42180525233	0.0020043590945861695	0.8833864909288581
ti|699032|org|Clostridium_difficile_BI9	0.004445051915836404	0.010428850404736265	2024.0	0.010428850404736265	0.0	0.08039261984521177	0.03629586650673106	7044.192884026845	0.009413789372259463	0.12253383966157762
ti|645463|org|Clostridium_difficile_R20291	0.00013531088770843346	0.0001236622577636711	24.0	0.0001236622577636711	0.0	0.24048976427772753	0.2721404779077875	52816.207530909676	0.0007007527939941363	0.8848343698635078
ti|645462|org|Clostridium_difficile_CD196	0.0001168574874274043	0.00011850966369018483	23.0	0.00011850966369018483	0.0	0.011117251061841688	0.01903952063691716	3695.1330466509717	0.00024217192145385594	0.07763928749929151
ti|272563|org|Clostridium_difficile_630	7.215253159209738e-05	0.0008192624576843212	159.0	0.0008192624576843212	0.0	0.07718827512831877	0.02919860391732474	5666.777452462634	0.00166944047980956	0.12804196272613447
ti|699035|org|Clostridium_difficile_M120	4.4796237483945564e-05	0.0015200152516784576	295.0	0.001509710063531485	1.0305188146972593e-05	0.004572233085715978	0.0030936363614115277	600.4036641136651	0.001700356044250478	0.009084023351556341
ti|1496|org|[Clostridium]_difficile	3.283810681997839e-05	0.00024217192145385594	47.0	0.00024217192145385594	0.0	0.00012697373311544908	0.0012779836385503468	248.02723061893568	0.0003246134266296367	0.006291317363726769
ti|699037|org|Clostridium_difficile_M68	2.1740550727387544e-05	0.0017055086383239641	331.0	0.0017055086383239641	0.0	0.02764586234299774	0.007909744279843485	1535.0994405991842	0.002313514738995347	0.028277436275292795
