Total Number of Aligned Reads:	180230	Total Number of Mapped Genomes:	7012
Genome	Final Guess	Final Best Hit	Final Best Hit Read Numbers	Final High Confidence Hits	Final Low Confidence Hits	Initial Guess	Initial Best Hit	Initial Best Hit Read Numbers	Initial High Confidence Hits	Initial Low Confidence Hits
ti|991791|org|Clostridium_acetobutylicum_DSM_1731	0.992380771116385	0.9924762803084947	178874.0	0.9924762803084947	0.0	0.33730390480956274	0.34154880658889963	61557.34141151738	0.014659046773567108	0.9769516728624535
ti|272562|org|Clostridium_acetobutylicum_ATCC_824	0.005742695377723826	0.0060089885146756925	1083.0	0.0060089885146756925	0.0	0.3311824090193423	0.3279781994785768	59111.5108920239	0.01167952061255063	0.9589524496476725
ti|863638|org|Clostridium_acetobutylicum_EA_2018	0.001720724403168234	0.001248404816068357	225.0	0.001248404816068357	0.0	0.33010820646301753	0.32700047572828045	58935.29574050799	0.008344892637185818	0.9597625256616545
ti|1520|org|Clostridium_beijerinckii	7.310491140472216e-05	8.322698773789047e-05	15.0	8.322698773789047e-05	0.0	0.00013679780307156625	0.0001414858791544138	25.5	8.322698773789047e-05	0.00018309937302335904
ti|1488|org|Clostridium_acetobutylicum	6.80703184215927e-05	7.767852188869777e-05	14.0	7.767852188869777e-05	0.0	0.0009876350023589574	0.0014181708419626696	255.59693084693194	0.00018864783887255173	0.00538756033956611
ti|1128739|org|Integration_vector_pMTL-JH31	1.4551396671077875e-05	8.322698773789047e-05	15.0	8.322698773789047e-05	0.0	7.27490103271e-05	0.0001442601120790101	25.999999999999993	0.00014426011207901017	9.432391943627586e-05
ti|220089|org|Shuttle_vector_pSOS95	8.247725715882505e-08	2.219386339677079e-05	4.0	2.219386339677079e-05	0.0	6.639145747565704e-05	0.00010118023794992114	18.235714285714288	5.548465849192698e-05	0.00020529323642012984
