Total Number of Aligned Reads:	171960	Total Number of Mapped Genomes:	6107
Genome	Final Guess	Final Best Hit	Final Best Hit Read Numbers	Final High Confidence Hits	Final Low Confidence Hits	Initial Guess	Initial Best Hit	Initial Best Hit Read Numbers	Initial High Confidence Hits	Initial Low Confidence Hits
ti|583346|org|Clostridium_kluyveri_NBRC_12016	0.9961814176905368	0.9956443358920679	171211.0	0.9956443358920679	0.0	0.5201165252459367	0.5161142126075813	88750.99999999968	0.954419632472668	0.032170272156315426
ti|431943|org|Clostridium_kluyveri_DSM_555	0.003789799767651739	0.003861363107699465	664.0	0.003861363107699465	0.0	0.47806299450454964	0.480680584632084	82657.83333333317	0.9178762502907652	0.03333333333333333
ti|906968|org|Treponema_brennaborense_DSM_12168	2.8752862547308543e-05	4.070714119562689e-05	7.0	4.070714119562689e-05	0.0	0.0006069069411254895	0.00046134760021710467	79.33333333333331	4.070714119562689e-05	0.0012619213770644335
ti|498213|org|Clostridium_botulinum_B1_str._Okra	1.790964689240541e-08	0.00038962549430100025	67.0	0.00038962549430100025	0.0	8.858127037763294e-09	0.00043130185314414207	74.16666666666667	0.00022098162363340311	0.00036636427076064203
ti|485916|org|Desulfotomaculum_acetoxidans_DSM_771	8.04926335337871e-09	2.9076529425447778e-05	5.0	2.9076529425447778e-05	0.0	7.932035417421526e-09	9.30448941614329e-05	16.0	9.30448941614329e-05	0.0
ti|1054460|org|Streptococcus_pseudopneumoniae_IS7493	3.721481685487032e-09	3.4891835310537335e-05	6.0	3.4891835310537335e-05	0.0	5.1083807322962e-09	0.00012212142358688068	21.0	0.00012212142358688068	0.0
