Total Number of Aligned Reads:	140496	Total Number of Mapped Genomes:	5634
Genome	Final Guess	Final Best Hit	Final Best Hit Read Numbers	Final High Confidence Hits	Final Low Confidence Hits	Initial Guess	Initial Best Hit	Initial Best Hit Read Numbers	Initial High Confidence Hits	Initial Low Confidence Hits
ti|441771|org|Clostridium_botulinum_A_str._Hall	0.996937570536115	0.9860707778157385	138539.0	0.9860707778157385	0.0	0.763549429300523	0.8949757266219955	125740.50968748388	0.7728049197130168	0.20710198155107618
ti|536232|org|Clostridium_botulinum_A2_str._Kyoto	0.002516875027365054	0.009167520783509851	1288.0	0.009153285502790116	1.4235280719735794e-05	0.10873905809672764	0.04617213317804088	6487.000022982032	0.008313403940325703	0.0895256804464184
ti|441772|org|Clostridium_botulinum_F_str._Langeland	0.0004073920793602184	0.002462703564514292	346.0	0.002455585924154424	7.117640359867897e-06	0.06115754337976193	0.013942638811316035	1958.8849824346578	0.003373761530577383	0.03232120487416012
ti|498213|org|Clostridium_botulinum_B1_str._Okra	0.00010188139485348992	0.0012669399840564855	178.0	0.0012669399840564855	0.0	0.060358391158564124	0.014472446308940881	2033.320816620958	0.004256348935201002	0.031958205215806855
ti|1491|org|Clostridium_botulinum	3.127118991732236e-05	0.0006334699920282428	89.0	0.0006334699920282428	0.0	0.00012807814963193323	0.0012047387971472064	169.26098204399392	0.0006405876323881107	0.00331682040769844
ti|508765|org|Clostridium_botulinum_B_str._Eklund_17B	4.986762214959234e-06	0.0002633526933151122	37.0	0.0002633526933151122	0.0	4.986820823101091e-06	0.000277587974034848	39.0	0.0002633526933151122	2.8470561439471587e-05
ti|498214|org|Clostridium_botulinum_A3_str._Loch_Maree	1.563168595574366e-08	0.00012099988611775424	17.0	0.00012099988611775424	0.0	0.00031119489346181044	0.0009320983034918451	130.95608324739027	0.0001779410089966974	0.00592187677941009
ti|515621|org|Clostridium_botulinum_Ba4_str._657	7.3791319086237e-09	1.4235280719735794e-05	2.0	1.4235280719735794e-05	0.0	2.8189382333299938e-06	0.0009254363151480578	130.02010053304153	0.00011388224575788635	0.006455699806400182
