Total Number of Aligned Reads:	260890	Total Number of Mapped Genomes:	7676
Genome	Final Guess	Final Best Hit	Final Best Hit Read Numbers	Final High Confidence Hits	Final Low Confidence Hits	Initial Guess	Initial Best Hit	Initial Best Hit Read Numbers	Initial High Confidence Hits	Initial Low Confidence Hits
ti|290402|org|Clostridium_beijerinckii_NCIMB_8052	0.9999855603571436	0.9992180612518686	260686.0	0.9992180612518686	0.0	0.9996435876669822	0.9888474990087213	257980.42401638528	0.9860669247575606	0.006063858331097397
ti|1520|org|Clostridium_beijerinckii	1.395336627768905e-05	0.0006171183257311511	161.0	0.0006171183257311511	0.0	0.00034579671767082933	0.002029686317066434	529.524863259462	0.0017708612825328683	0.0030702594963394536
ti|1492|org|Clostridium_butyricum	4.140356404144083e-07	0.0001111579592931887	29.0	0.0001111579592931887	0.0	4.140354787111293e-07	0.00012003691718612321	31.316431324687684	0.00011499099237226418	0.0001264900916094906
ti|84029|org|Clostridium_roseum	7.222047886643611e-08	3.066426463260378e-05	8.0	3.066426463260378e-05	0.0	6.203129036457462e-08	9.703747542984976e-05	25.316106964893503	1.9165165395377363e-05	0.0018666871095097551
