Total Number of Aligned Reads:	256030	Total Number of Mapped Genomes:	16881
Genome	Final Guess	Final Best Hit	Final Best Hit Read Numbers	Final High Confidence Hits	Final Low Confidence Hits	Initial Guess	Initial Best Hit	Initial Best Hit Read Numbers	Initial High Confidence Hits	Initial Low Confidence Hits
ti|384676|org|Pseudomonas_entomophila_L48	0.9999723899464242	0.8789087216341835	225027.0	0.8789009100496036	7.811584579932039e-06	0.9999572262926342	0.8264687150057367	211600.78510291877	0.8220911611920478	0.005928992696168418
ti|351746|org|Pseudomonas_putida_F1	2.5172930788407638e-05	0.10299183689411397	26369.0	0.10298011951724408	1.171737686989806e-05	1.9110601332130593e-05	0.038171398988431346	9773.023283008077	0.026262547357731515	0.022309885560285903
ti|160488|org|Pseudomonas_putida_KT2440	2.2677446231459045e-06	0.015193532007967817	3890.0	0.015185720423387884	7.811584579932039e-06	4.509663891290181e-06	0.03397812038744957	8699.418162798715	0.024172948482599696	0.014154591258836856
ti|231023|org|Pseudomonas_putida_ND6	1.2859955725825707e-07	0.0026715619263367575	684.0	0.0026559387571768933	1.5623169159864077e-05	2.7835916144134196e-06	0.028519000844326382	7301.719786172884	0.016193414834199116	0.022360660860055462
ti|1331671|org|Pseudomonas_putida_H8234	2.0514581879176594e-08	0.00017185486075850488	44.0	0.00017185486075850488	0.0	5.508329192012523e-07	0.030271793911580414	7750.487395181934	0.025426707807678788	0.0071554114752177475
ti|312306|org|Pseudomonas_entomophila	1.1565167236737273e-08	3.905792289966019e-06	1.0	3.905792289966019e-06	0.0	1.5166417409771766e-05	1.9517207482702253e-05	4.996990631796258	3.905792289966019e-06	9.373901495918448e-05
ti|437561|org|bacterium_142412	8.684501351859673e-09	5.468109205952428e-05	14.0	5.468109205952428e-05	0.0	8.777383120029725e-09	6.656908853875737e-05	17.04368373857805	6.639846892942233e-05	0.0
ti|390235|org|Pseudomonas_putida_W619	1.4340315571360738e-11	3.905792289966019e-06	1.0	3.905792289966019e-06	0.0	5.925859347987972e-07	0.02221497958806314	5687.7012239318055	0.018689216107487402	0.0056516814435808305
