Total Number of Aligned Reads:	141590	Total Number of Mapped Genomes:	5744
Genome	Final Guess	Final Best Hit	Final Best Hit Read Numbers	Final High Confidence Hits	Final Low Confidence Hits	Initial Guess	Initial Best Hit	Initial Best Hit Read Numbers	Initial High Confidence Hits	Initial Low Confidence Hits
ti|195103|org|Clostridium_perfringens_ATCC_13124	0.9960999499130924	0.9883395720036726	139939.0	0.9883395720036726	0.0	0.8407498675020193	0.9270756905703565	131264.6470278568	0.8781552369517621	0.1042658379829084
ti|195102|org|Clostridium_perfringens_str._13	0.0036382077997141066	0.008750617981495868	1239.0	0.008750617981495868	0.0	0.12033995642069178	0.049583053375830785	7020.464527483881	0.01715516632530546	0.07963839254184618
ti|289380|org|Clostridium_perfringens_SM101	0.0002498909686851599	0.002486051274807543	352.0	0.002486051274807543	0.0	0.030182062419984355	0.009918365014450287	1404.341302396016	0.004520093226922805	0.017409421569319867
ti|1502|org|Clostridium_perfringens	1.1916612500439462e-05	0.0002542552440144078	36.0	0.0002542552440144078	0.0	0.007919352735216443	0.009156802783335366	1296.5117060924545	0.0006356381100360195	0.02132918991454199
ti|1187894|org|Clostridium_phage_PhiS63	3.4706561129500416e-08	0.00014831555900840455	21.0	0.00014831555900840455	0.0	0.0006366520409477625	0.0003707888975210114	52.5	0.0005014478423617487	7.062645667066883e-06
ti|59620|org|uncultured_Clostridium_sp.	5.5030875851404806e-17	2.118793700120065e-05	3.0	0.0	2.118793700120065e-05	5.201610793205204e-17	4.4363562562239036e-05	6.281436823187425	0.0	0.0014549050074157779
