Total Number of Aligned Reads:	184740	Total Number of Mapped Genomes:	16130
Genome	Final Guess	Final Best Hit	Final Best Hit Read Numbers	Final High Confidence Hits	Final Low Confidence Hits	Initial Guess	Initial Best Hit	Initial Best Hit Read Numbers	Initial High Confidence Hits	Initial Low Confidence Hits
ti|398511|org|Bacillus_pseudofirmus_OF4	0.9995461131480606	0.9991285049258417	184579.0	0.9991285049258417	0.0	0.9909007856558755	0.9897112123931303	182839.2493775069	0.9928873010717766	0.005007036916747862
ti|1218173|org|Bacillus_alcalophilus_ATCC_27647	0.00028427531871919975	0.00046551910793547687	86.0	0.00046551910793547687	0.0	0.0003867833315265427	0.00047079930002304654	86.97546268625761	0.0004059759662227996	0.00017862942513803182
ti|1399|org|Bacillus_firmus	0.00016959809126452708	0.00024358557973367976	45.0	0.00024358557973367976	0.0	0.007299497128484448	0.006075204792320753	1122.333333333336	0.010685287430984085	0.0014452744397531667
ti|649639|org|Bacillus_cellulosilyticus_DSM_2522	1.3441954553207542e-08	0.0001407383349572372	26.0	0.0001407383349572372	0.0	1.7179622849289476e-07	0.00031936776009526904	59.0	0.00031936776009526904	0.0
ti|279010|org|Bacillus_licheniformis_DSM_13_=_ATCC_14580	1.1884199925718527e-15	1.6239038648911984e-05	3.0	1.6239038648911984e-05	0.0	9.930323101723855e-16	1.0826025765941322e-05	2.0	1.0826025765941322e-05	0.0
ti|1001582|org|Bacillus_amyloliquefaciens_LL3	1.834534518374001e-17	5.413012882970661e-06	1.0	5.413012882970661e-06	0.0	4.896857969575967e-16	8.119519324455992e-06	1.5	0.0	1.6239038648911984e-05
