Total Number of Aligned Reads:	139416	Total Number of Mapped Genomes:	7737
Genome	Final Guess	Final Best Hit	Final Best Hit Read Numbers	Final High Confidence Hits	Final Low Confidence Hits	Initial Guess	Initial Best Hit	Initial Best Hit Read Numbers	Initial High Confidence Hits	Initial Low Confidence Hits
ti|929506|org|Clostridium_botulinum_BKT015925	0.9995195178538463	0.9918947610030413	138286.0	0.9918947610030413	0.0	0.9993482653965288	0.984654302846971	137276.5642857133	0.977900671372009	0.010852412922476616
ti|36828|org|Clostridium_botulinum_C	0.0002770831573225752	0.0010041889022780743	140.0	0.0010041889022780743	0.0	0.00027356852976896515	0.0016225848232217642	226.2142857142855	0.0008105238996958742	0.0020801055832902968
ti|1491|org|Clostridium_botulinum	0.00012964993578772584	0.002876283927239341	401.0	0.002876283927239341	0.0	0.0001989373244733342	0.003543232723169032	493.98333333333375	0.00293366615022666	0.002539163367188845
ti|386415|org|Clostridium_novyi_NT	7.372194372539334e-05	0.003909163941011075	545.0	0.003909163941011075	0.0	7.91524632251349e-05	0.004755466339861244	662.9880952380952	0.0038876456073908302	0.0020872783611637115
ti|35348|org|Clostridium_botulinum_phage_1C	2.673730726882093e-08	0.00029408389281000745	41.0	0.00029408389281000745	0.0	2.7438580716304603e-06	0.0007089095464891643	98.83333333333333	0.0010974350146324668	1.4345555746829633e-05
ti|592027|org|Clostridium_botulinum_D_str._1873	3.7201039581112803e-10	2.1518333620244447e-05	3.0	2.1518333620244447e-05	0.0	2.3049691914812906e-06	0.0010053843652569766	140.16666666666666	0.0009252883456705112	0.00019366500258220003
