Total Number of Aligned Reads:	185110	Total Number of Mapped Genomes:	6175
Genome	Final Guess	Final Best Hit	Final Best Hit Read Numbers	Final High Confidence Hits	Final Low Confidence Hits	Initial Guess	Initial Best Hit	Initial Best Hit Read Numbers	Initial High Confidence Hits	Initial Low Confidence Hits
ti|515621|org|Clostridium_botulinum_Ba4_str._657	0.505598360525405	0.20155583166765706	37310.0	0.2015504294743666	5.402193290475933e-06	0.5036431156053796	0.1993873722518386	36908.596477537845	0.1821943709145913	0.02611420236616066
ti|536232|org|Clostridium_botulinum_A2_str._Kyoto	0.4722716284828971	0.7302792933931176	135182.0	0.7302198692669224	5.9424126195235264e-05	0.2719613107858375	0.28658198050056344	53049.1904104593	0.18780724974339583	0.15376802982010696
ti|441771|org|Clostridium_botulinum_A_str._Hall	0.01786821978837991	0.03757225433526012	6955.0	0.037496623629193454	7.563070606666307e-05	0.09514827580163811	0.1890142960124308	34988.436334861064	0.0986980714169953	0.1414132137647885
ti|498214|org|Clostridium_botulinum_A3_str._Loch_Maree	0.0029686153808232262	0.01444006266544217	2673.0	0.014423856085570742	1.62065798714278e-05	0.007532866943862823	0.016923544140654927	3132.7172558766338	0.015272000432175463	0.006525849494894927
ti|498213|org|Clostridium_botulinum_B1_str._Okra	0.0007735206931958395	0.010091297066609044	1868.0	0.010064286100156663	2.7010966452379667e-05	0.061774875159191035	0.15354819714222698	28423.306772997636	0.06896439954621576	0.12979309599697478
ti|441772|org|Clostridium_botulinum_F_str._Langeland	0.00034991320259441274	0.005445410836799741	1008.0	0.005407595483766409	3.7815353033331534e-05	0.05924272696519492	0.1408531679350148	26073.329916450588	0.05603154880881638	0.1319647776997461
ti|1491|org|Clostridium_botulinum	0.0001399300706094455	0.00022148992490951327	41.0	0.00022148992490951327	0.0	0.00021627407417805668	0.0013255980801412232	245.38146061494183	0.0007779158338285344	0.0028739668305331964
ti|508765|org|Clostridium_botulinum_B_str._Eklund_17B	2.9811855930807452e-05	0.00039436011020474313	73.0	0.00039436011020474313	0.0	2.9811907391233203e-05	0.0003808546269785533	70.5	0.00036734914375236347	2.7010966452379667e-05
