Total Number of Aligned Reads:	212940	Total Number of Mapped Genomes:	5662
Genome	Final Guess	Final Best Hit	Final Best Hit Read Numbers	Final High Confidence Hits	Final Low Confidence Hits	Initial Guess	Initial Best Hit	Initial Best Hit Read Numbers	Initial High Confidence Hits	Initial Low Confidence Hits
ti|720554|org|Clostridium_clariflavum_DSM_19732	0.9987985377747097	0.9876256222410068	210305.0	0.9876256222410068	0.0	0.9962148869213193	0.9833763703841419	209400.16430959917	0.9831220061989293	0.0024232178078331923
ti|203119|org|Clostridium_thermocellum_ATCC_27405	0.0004024212469347861	0.00507185122569738	1080.0	0.0049873203719357564	8.4530853761623e-05	0.0012974333046774265	0.0036124700499863753	769.2393724440988	0.003954165492627031	0.0006198929275852353
ti|697281|org|Mahella_australiensis_50-1_BON	0.00032725431125779067	0.002056917441532826	438.0	0.0019723865877712033	8.4530853761623e-05	0.0005120094060152735	0.0016930434238126544	360.51666666666665	0.0014323283554052784	0.00042735042735042735
ti|580327|org|Thermoanaerobacterium_thermosaccharolyticum_DSM_571	0.0001845119974128308	0.002235371466140697	476.0	0.002174321405090636	6.105006105006105e-05	0.00024159209565719134	0.0014871168717322562	316.66666666666663	0.0013243167089320934	0.00025359256128486897
ti|77133|org|uncultured_bacterium	0.00011854855990935067	0.00014558091481168403	31.0	0.00014558091481168403	0.0	0.00011854855990935082	0.0001985662899287684	42.28270577743194	0.00014558091481168403	0.00023480792711561943
ti|637887|org|Clostridium_thermocellum_DSM_1313	0.00010508856628287853	0.0018408941485864563	392.0	0.0018268056729595192	1.4088475626937166e-05	0.0012781319662553757	0.004272783485025085	909.8465153012417	0.0047947778717009485	0.0006715506715506716
ti|370438|org|Pelotomaculum_thermopropionicum_SI	6.33043719227457e-05	0.0008124354278200432	173.0	0.0008124354278200432	0.0	6.497682953691717e-05	0.0009110547572086033	194.0	0.0008734854888701042	7.044237813468582e-05
ti|1089553|org|Thermacetogenium_phaeum_DSM_12270	3.331715699732406e-07	0.00021132713440405747	45.0	0.00021132713440405747	0.0	7.831705674913431e-05	0.0009263172724711187	197.25	0.0008359162205316052	0.00023480792711561943
