Total Number of Aligned Reads:	110770	Total Number of Mapped Genomes:	7572
Genome	Final Guess	Final Best Hit	Final Best Hit Read Numbers	Final High Confidence Hits	Final Low Confidence Hits	Initial Guess	Initial Best Hit	Initial Best Hit Read Numbers	Initial High Confidence Hits	Initial Low Confidence Hits
ti|386415|org|Clostridium_novyi_NT	0.9999999846445863	0.9998645842737203	110755.0	0.9998645842737203	0.0	0.9991234794207284	0.9911509047060116	109789.78571428491	0.9851042701092354	0.010950618398483344
ti|929506|org|Clostridium_botulinum_BKT015925	1.5355407747507524e-08	0.0001354157262796786	15.0	0.0001354157262796786	0.0	6.557640683181486e-06	0.002916274390951654	323.0357142857147	0.0015437392795883361	0.003222894285456351
