Total Number of Aligned Reads:	209370	Total Number of Mapped Genomes:	15570
Genome	Final Guess	Final Best Hit	Final Best Hit Read Numbers	Final High Confidence Hits	Final Low Confidence Hits	Initial Guess	Initial Best Hit	Initial Best Hit Read Numbers	Initial High Confidence Hits	Initial Low Confidence Hits
ti|666686|org|Bacillus_sp._1NLA3E	0.99999999265935	0.9999140277976788	209352.0	0.9999140277976788	0.0	0.9999999837866574	0.996840016274572	208708.39420740714	0.993021922911592	0.005091464870802885
ti|429425|org|Bacillus_sp._A9.13	5.328901185353019e-09	4.298610116062473e-05	9.0	4.298610116062473e-05	0.0	5.242166080603448e-09	4.298610116062473e-05	9.0	4.298610116062473e-05	0.0
ti|429421|org|Bacillus_sp._A9.04	1.0452146051977968e-09	2.865740077374982e-05	6.0	2.865740077374982e-05	0.0	1.123695503404421e-09	3.3433634236041456e-05	7.0	3.3433634236041456e-05	0.0
ti|7038|org|Bemisia_tabaci	8.38970676991969e-10	9.552466924583273e-06	2.0	9.552466924583273e-06	0.0	8.92225121982199e-10	9.552466924583273e-06	2.0	9.552466924583273e-06	0.0
ti|429423|org|Bacillus_sp._A9.11	1.2366346934678262e-10	4.7762334622916366e-06	1.0	4.7762334622916366e-06	0.0	3.645388284800058e-10	3.3433634236041456e-05	7.0	3.3433634236041456e-05	0.0
