Total Number of Aligned Reads:	124920	Total Number of Mapped Genomes:	6413
Genome	Final Guess	Final Best Hit	Final Best Hit Read Numbers	Final High Confidence Hits	Final Low Confidence Hits	Initial Guess	Initial Best Hit	Initial Best Hit Read Numbers	Initial High Confidence Hits	Initial Low Confidence Hits
ti|212717|org|Clostridium_tetani_E88	0.9994993999211729	0.9960134486071085	124422.0	0.9960134486071085	0.0	0.9988304572892173	0.991035904217191	123800.2051548115	0.9875760486711496	0.006556195965417867
ti|1513|org|Clostridium_tetani	0.0004085428514558042	0.0004723022734550112	59.0	0.0004723022734550112	0.0	0.0006423043283685466	0.0010253228733055817	128.08333333333326	0.0009446045469100224	0.0005603586295228947
ti|1506|org|Clostridium_sp.	9.091666605604577e-05	0.00020813320525136088	26.0	0.00020813320525136088	0.0	0.0004808566996008516	0.0017397801259472732	217.33333333333337	0.0012087736151136727	0.0017611271213576688
ti|536232|org|Clostridium_botulinum_A2_str._Kyoto	6.248832813842656e-07	0.0005523535062439962	69.0	0.0005523535062439962	0.0	6.868516745100633e-07	0.000409595474436973	51.16666666666667	0.0003682356708293308	5.603586295228946e-05
ti|1491|org|Clostridium_botulinum	2.1068358586175018e-07	0.0026496958053154017	331.0	0.0004723022734550112	0.0021773935318603905	2.1068379067324075e-07	0.001360870957412744	170.0	0.0022334293948126803	0.0004723022734550112
