Total Number of Aligned Reads:	183590	Total Number of Mapped Genomes:	11295
Genome	Final Guess	Final Best Hit	Final Best Hit Read Numbers	Final High Confidence Hits	Final Low Confidence Hits	Initial Guess	Initial Best Hit	Initial Best Hit Read Numbers	Initial High Confidence Hits	Initial Low Confidence Hits
ti|279010|org|Bacillus_licheniformis_DSM_13_=_ATCC_14580	0.996764424442228	0.9834086823901084	180544.0	0.9834086823901084	0.0	0.9865762862432383	0.9660226441332813	177352.0972364291	0.9623508905713819	0.014674001851952721
ti|1402|org|Bacillus_licheniformis	0.002582751233529792	0.004711585598344136	865.0	0.004711585598344136	0.0	0.007739979519150218	0.010553369685932018	1937.493140640259	0.007691050710823029	0.010703197341903154
ti|188549|org|Bacillus_sp._P-2850	0.00032900826954241605	0.0003703905441472847	68.0	0.0003703905441472847	0.0	0.00040821348715998606	0.00039490168309820796	72.5	0.0003703905441472847	5.446919766871834e-05
ti|99596|org|Cloning_vector_pAMY-em1	0.0002191710102436013	0.00037583746391415656	69.0	0.00037583746391415656	0.0	0.00021917101024360427	0.00039998547488062164	73.43333333333332	0.00037583746391415656	7.625687673620567e-05
ti|1423|org|Bacillus_subtilis	6.13836948840754e-05	0.00016340759300615502	30.0	0.00016340759300615502	0.0	6.141923742674493e-05	0.00015876144182794784	29.147013105192944	0.0001416199139386677	0.00015251375347241134
ti|766760|org|Bacillus_licheniformis_9945A	4.266157370252243e-05	0.009330573560651452	1713.0	0.009330573560651452	0.0	0.0049428251655583	0.014199106587778157	2606.813978450192	0.015213246908873032	0.0036930116019391035
ti|1225788|org|Bacillus_amyloliquefaciens_subsp._plantarum_AS43.3	5.31842037208582e-07	0.0015142436951903699	278.0	0.0015142436951903699	0.0	5.33502179397424e-07	0.0021926821280810306	402.5545118943964	0.0020861702707119126	0.0013726237812517021
ti|467999|org|Bacillus_sp._SRL60	3.7335930156786356e-08	0.00010893839533743668	20.0	0.00010893839533743668	0.0	4.875912573134116e-08	0.0001441066256200047	26.45653539757666	0.0001416199139386677	0.0
ti|7038|org|Bemisia_tabaci	3.0594503900161746e-08	1.6340759300615502e-05	3.0	1.6340759300615502e-05	0.0	3.105174920703724e-08	1.6340759300615502e-05	3.0	1.6340759300615502e-05	0.0
