Total Number of Aligned Reads:	201300	Total Number of Mapped Genomes:	6297
Genome	Final Guess	Final Best Hit	Final Best Hit Read Numbers	Final High Confidence Hits	Final Low Confidence Hits	Initial Guess	Initial Best Hit	Initial Best Hit Read Numbers	Initial High Confidence Hits	Initial Low Confidence Hits
ti|748727|org|Clostridium_ljungdahlii_DSM_13528	0.9991962494831111	0.9980178837555886	200901.0	0.9980178837555886	0.0	0.9970792431647273	0.99107937099331	199504.2773809533	0.9881222056631893	0.005588673621460507
ti|1341692|org|Clostridium_autoethanogenum_DSM_10061	0.0008021341100529268	0.0010233482364629906	206.0	0.0010233482364629906	0.0	0.002720374793026519	0.0029423035980413034	592.2857142857143	0.0013412816691505216	0.004172876304023845
ti|991791|org|Clostridium_acetobutylicum_DSM_1731	1.0608190133362337e-06	0.0009339294585196225	188.0	0.0009339294585196225	0.0	5.400868830825864e-07	0.0006234475906607054	125.5	0.0006159960258320914	0.0003974167908594138
ti|217158|org|Clostridium_ragsdalei	5.550920230617275e-07	1.987083954297069e-05	4.0	1.987083954297069e-05	0.0	0.0001979706628131426	0.00048254204811581876	97.13571428571431	6.954793840039742e-05	0.0014307004470938897
ti|863638|org|Clostridium_acetobutylicum_EA_2018	4.957998343494848e-10	4.967709885742673e-06	1.0	4.967709885742673e-06	0.0	4.850352745137906e-07	0.00011922503725782414	24.0	0.00021361152508693492	1.987083954297069e-05
