Total Number of Aligned Reads:	176900	Total Number of Mapped Genomes:	5645
Genome	Final Guess	Final Best Hit	Final Best Hit Read Numbers	Final High Confidence Hits	Final Low Confidence Hits	Initial Guess	Initial Best Hit	Initial Best Hit Read Numbers	Initial High Confidence Hits	Initial Low Confidence Hits
ti|394503|org|Clostridium_cellulolyticum_H10	0.9945426383847086	0.993063877897117	175673.0	0.993063877897117	0.0	0.9908789998926677	0.9827142735408302	173842.15498937285	0.9823685698134539	0.00500847936687394
ti|1521|org|Clostridium_cellulolyticum	0.0049140266384524465	0.006116449971735443	1082.0	0.006116449971735443	0.0	0.0072585756826032116	0.009358394573205201	1655.5	0.010124364047484454	0.0022215941209723007
ti|431943|org|Clostridium_kluyveri_DSM_555	0.0005433349742535861	0.000819672131147541	145.0	0.000819672131147541	0.0	0.0006414463091671667	0.0007603165630299598	134.4999999999999	0.0007292255511588468	0.0005992085924250989
