Total Number of Aligned Reads:	154440	Total Number of Mapped Genomes:	15981
Genome	Final Guess	Final Best Hit	Final Best Hit Read Numbers	Final High Confidence Hits	Final Low Confidence Hits	Initial Guess	Initial Best Hit	Initial Best Hit Read Numbers	Initial High Confidence Hits	Initial Low Confidence Hits
ti|345219|org|Bacillus_coagulans_36D1	0.9980206698891764	0.9907148407148407	153006.0	0.9907148407148407	0.0	0.9800837009059666	0.9749586313532417	150572.61102619465	0.9784900284900285	0.009537684537684537
ti|941639|org|Bacillus_coagulans_2-6	0.0018969538384663266	0.008922558922558922	1378.0	0.008922558922558922	0.0	0.019677250903528568	0.02177812913419461	3363.414263485016	0.028697228697228697	0.005827505827505828
ti|1398|org|Bacillus_coagulans	8.237490650752565e-05	0.00035612535612535614	55.0	0.00035612535612535614	0.0	0.00021117599327267214	0.0007144586875812789	110.34099971005271	0.00037555037555037557	0.001948976948976949
ti|1121088|org|Bacillus_coagulans_DSM_1_=_ATCC_7050	1.366158795474281e-09	6.475006475006475e-06	1.0	6.475006475006475e-06	0.0	3.1438142718064415e-06	0.0004000589116688511	61.785098318137365	0.00029785029785029787	0.0012108262108262108
