Total Number of Aligned Reads:	129400	Total Number of Mapped Genomes:	9808
Genome	Final Guess	Final Best Hit	Final Best Hit Read Numbers	Final High Confidence Hits	Final Low Confidence Hits	Initial Guess	Initial Best Hit	Initial Best Hit Read Numbers	Initial High Confidence Hits	Initial Low Confidence Hits
ti|1030009|org|Listeria_monocytogenes_M7	0.9817119507011982	0.7462364760432767	96563.0	0.7462287480680062	7.727975270479134e-06	0.8459579720350119	0.5950960904955627	77005.4341101258	0.5408964451313756	0.19519319938176197
ti|932920|org|Listeria_monocytogenes_SLCC2372	0.009575006422707573	0.20354714064914992	26339.0	0.20354714064914992	0.0	0.011492038132701048	0.1947429058038128	25199.732011013373	0.19428129829984545	0.007635239567233385
ti|563174|org|Listeria_monocytogenes_L99	0.006184357984880539	0.00401854714064915	520.0	0.00401854714064915	0.0	0.07615821392426421	0.07426096360863911	9609.368690957901	0.021506955177743432	0.1900077279752705
ti|863767|org|Listeria_monocytogenes_serotype_7_str._SLCC2482	0.0023749645432024537	0.03775888717156105	4886.0	0.03775888717156105	0.0	0.010450702611015151	0.04510184922755959	5836.179290046211	0.04365533230293663	0.011622874806800618
ti|393127|org|Listeria_monocytogenes_Finland_1998	6.517381954373749e-05	0.000285935085007728	37.0	0.000285935085007728	0.0	0.00024227288369150205	0.0009068402136320866	117.34512364399201	0.0003400309119010819	0.0074652241112828435
ti|879089|org|Listeria_monocytogenes_SLCC2540	4.035590355100431e-05	0.001089644513137558	141.0	0.001089644513137558	0.0	0.0008913614724321773	0.0031327312488699634	405.37542360377324	0.0016924265842349305	0.011174652241112828
ti|272626|org|Listeria_innocua_Clip11262	3.504317403205425e-05	0.0063987635239567235	828.0	0.0063987635239567235	0.0	8.465649517286702e-05	0.00736773619531752	953.3850636740871	0.006808346213292117	0.006290571870170015
ti|882097|org|Listeria_monocytogenes_SLCC2376	8.747368874793071e-06	0.0004945904173106646	64.0	0.0004945904173106646	0.0	0.0023477050472615825	0.005137323226515508	664.7696255111067	0.00043276661514683154	0.02465224111282844
ti|1639|org|Listeria_monocytogenes	4.400082153236418e-06	0.00017001545595054095	22.0	0.00017001545595054095	0.0	0.0003113357617260182	0.0015928297962302107	206.11217563218926	0.00018547140649149922	0.00989953632148377
